payment_id,order_id,customer_id,merchant_id,device_id,instrument_id,amount,currency,status,failure_reason,created_at,authorized_at,captured_at
pay_f63eecc054,ord_ff1f768343,cust_0144,merch_023,dev_0184,instr_8c83c4c84f,4885.61,INR,failed,insufficient_funds,2026-08-15T04:47:53,,
pay_ac3faf06c9,ord_f819f85a9e,cust_0144,merch_023,dev_0184,instr_8c83c4c84f,4574.58,INR,success,,2026-08-15T05:00:53,2026-08-15T05:00:54,2026-08-15T05:01:02
pay_f9749185b1,ord_d38597d7e9,cust_0184,merch_023,dev_0184,instr_7f3612b7c1,4354.02,INR,success,,2026-08-15T04:56:53,2026-08-15T04:56:58,2026-08-15T04:57:08
pay_f2a96b5385,ord_8d1eb6c806,cust_0002,merch_023,dev_0184,instr_a3b08dafcc,4936.17,INR,success,,2026-08-15T04:56:53,2026-08-15T04:56:56,2026-08-15T04:57:01
pay_6a01bf2f26,ord_851ddc04d1,cust_0002,merch_023,dev_0184,instr_a3b08dafcc,4442.96,INR,success,,2026-08-15T04:56:53,2026-08-15T04:56:57,2026-08-15T04:57:01
pay_c7141196c8,ord_06e79db0cf,cust_0144,merch_023,dev_0184,instr_8c83c4c84f,4580.7,INR,failed,timeout,2026-08-15T04:59:53,,
pay_0291976f7f,ord_64f817b5ad,cust_0184,merch_023,dev_0184,instr_7f3612b7c1,4514.96,INR,success,,2026-08-15T05:07:53,2026-08-15T05:07:57,2026-08-15T05:08:03
pay_9f2d9ecadf,ord_ab41e0b154,cust_0144,merch_023,dev_0184,instr_8c83c4c84f,4561.37,INR,success,,2026-08-15T05:10:53,2026-08-15T05:10:55,2026-08-15T05:10:58
pay_b79961fe54,ord_80b94854ed,cust_0002,merch_023,dev_0184,instr_a3b08dafcc,4479.45,INR,success,,2026-08-15T05:21:53,2026-08-15T05:21:55,2026-08-15T05:22:01
pay_9bdc324076,ord_9705167166,cust_0147,merch_018,dev_0273,instr_f2eaa2a3e7,3921.75,INR,success,,2026-08-21T23:03:43,2026-08-21T23:03:46,2026-08-21T23:03:49
pay_b9506fe143,ord_b240587814,cust_0070,merch_018,dev_0273,instr_1de904f3e3,4224.0,INR,failed,insufficient_funds,2026-08-21T23:03:43,,
pay_e7a22834d1,ord_03c26149c0,cust_0036,merch_018,dev_0273,instr_353d06f1a1,4095.8,INR,failed,insufficient_funds,2026-08-21T22:36:43,,
pay_48bd9b62a7,ord_82568ef43d,cust_0070,merch_018,dev_0273,instr_1de904f3e3,3798.13,INR,success,,2026-08-21T22:41:43,2026-08-21T22:41:47,2026-08-21T22:41:53
pay_077dad87e0,ord_3eb931bd40,cust_0036,merch_018,dev_0273,instr_353d06f1a1,4157.1,INR,success,,2026-08-21T23:14:43,2026-08-21T23:14:44,2026-08-21T23:14:45
pay_4db5b915b3,ord_5a43749052,cust_0397,merch_018,dev_0273,instr_11bbd3295a,4113.88,INR,success,,2026-08-21T22:32:43,2026-08-21T22:32:46,2026-08-21T22:32:55
pay_5738800427,ord_290bdf1838,cust_0147,merch_018,dev_0273,instr_f2eaa2a3e7,3764.95,INR,failed,risk_block,2026-08-21T23:16:43,,
pay_c498f16e09,ord_dca13cb9f6,cust_0201,merch_020,dev_0292,instr_7360cb14a9,459.42,INR,success,,2026-08-08T04:29:49,2026-08-08T04:29:53,2026-08-08T04:30:01
pay_9d0b51a312,ord_302c32a573,cust_0099,merch_020,dev_0292,instr_48dd7df83d,471.67,INR,success,,2026-08-08T04:26:49,2026-08-08T04:26:50,2026-08-08T04:26:51
pay_6ef185ed41,ord_d3566040ec,cust_0075,merch_020,dev_0292,instr_67c94ece7a,430.73,INR,success,,2026-08-08T04:36:49,2026-08-08T04:36:50,2026-08-08T04:36:53
pay_45fddd41fd,ord_e864a42403,cust_0075,merch_020,dev_0292,instr_67c94ece7a,437.35,INR,success,,2026-08-08T04:39:49,2026-08-08T04:39:50,2026-08-08T04:39:59
pay_cc13ca58e5,ord_996e633034,cust_0075,merch_020,dev_0292,instr_67c94ece7a,418.45,INR,success,,2026-08-08T04:56:49,2026-08-08T04:56:50,2026-08-08T04:56:55
pay_142476e162,ord_a92e28caa1,cust_0075,merch_020,dev_0292,instr_67c94ece7a,414.92,INR,failed,insufficient_funds,2026-08-08T04:32:49,,
pay_a5992c47b1,ord_9e1fb02208,cust_0261,merch_019,dev_0079,instr_aeb838d35a,914.74,INR,success,,2026-08-07T06:12:19,2026-08-07T06:12:21,2026-08-07T06:12:23
pay_10a756e996,ord_79889e13f7,cust_0367,merch_019,dev_0079,instr_7f8f42a286,924.47,INR,success,,2026-08-07T06:00:19,2026-08-07T06:00:21,2026-08-07T06:00:23
pay_5d73bf7b12,ord_9ca5801723,cust_0256,merch_019,dev_0079,instr_dbd7b746ba,904.51,INR,failed,timeout,2026-08-07T06:17:19,,
pay_c22cc077be,ord_2bd946e465,cust_0256,merch_019,dev_0079,instr_dbd7b746ba,929.9,INR,success,,2026-08-07T06:06:19,2026-08-07T06:06:24,2026-08-07T06:06:31
pay_8a8b363590,ord_eb2bfe148c,cust_0261,merch_019,dev_0079,instr_aeb838d35a,844.81,INR,success,,2026-08-07T06:15:19,2026-08-07T06:15:24,2026-08-07T06:15:29
pay_e3ecbe96b0,ord_4cd13adf86,cust_0150,merch_019,dev_0079,instr_84578e51ec,919.87,INR,success,,2026-08-07T05:43:19,2026-08-07T05:43:21,2026-08-07T05:43:28
pay_cde0c881c3,ord_bb2f837a62,cust_0256,merch_019,dev_0079,instr_a200d5bcde,869.71,INR,failed,insufficient_funds,2026-08-07T05:43:19,,
pay_e55a68bb2d,ord_f4873dc477,cust_0256,merch_019,dev_0079,instr_a200d5bcde,832.93,INR,success,,2026-08-07T05:43:19,2026-08-07T05:43:24,2026-08-07T05:43:33
pay_dd0535bcec,ord_d420cf753c,cust_0367,merch_019,dev_0079,instr_7f8f42a286,876.45,INR,success,,2026-08-07T05:39:19,2026-08-07T05:39:20,2026-08-07T05:39:30
pay_ae31ac33d4,ord_113d36679d,cust_0244,merch_014,dev_0141,instr_b3625d7bd3,1702.37,INR,success,,2026-08-19T06:34:19,2026-08-19T06:34:21,2026-08-19T06:34:28
pay_5fe89a1a02,ord_6812bacbc5,cust_0141,merch_014,dev_0141,instr_ca9b461349,1535.41,INR,success,,2026-08-19T06:18:19,2026-08-19T06:18:20,2026-08-19T06:18:23
pay_056db81f05,ord_aef010995f,cust_0244,merch_014,dev_0141,instr_b3625d7bd3,1571.17,INR,failed,timeout,2026-08-19T06:18:19,,
pay_82d2811046,ord_8c7543e45a,cust_0141,merch_014,dev_0141,instr_ca9b461349,1687.18,INR,success,,2026-08-19T06:30:19,2026-08-19T06:30:21,2026-08-19T06:30:26
pay_2fe06478ef,ord_423b448b46,cust_0126,merch_014,dev_0141,instr_369121eeee,1746.6,INR,failed,timeout,2026-08-19T06:20:19,,
pay_d4ac3fbb6e,ord_56164007b0,cust_0215,merch_014,dev_0141,instr_2fa6c904c1,1611.49,INR,success,,2026-08-19T06:40:19,2026-08-19T06:40:24,2026-08-19T06:40:28
pay_8f1c724961,ord_f97737a92d,cust_0244,merch_014,dev_0141,instr_b3625d7bd3,1581.13,INR,success,,2026-08-19T06:24:19,2026-08-19T06:24:23,2026-08-19T06:24:33
pay_a1bd912ef3,ord_9fb0300702,cust_0141,merch_014,dev_0141,instr_ca9b461349,1584.18,INR,success,,2026-08-19T06:16:19,2026-08-19T06:16:24,2026-08-19T06:16:28
pay_7171c93680,ord_e9d1a56897,cust_0250,merch_014,dev_0141,instr_e3d26852ae,1759.23,INR,failed,insufficient_funds,2026-08-19T06:10:19,,
pay_ef36354524,ord_82e861ec64,cust_0141,merch_014,dev_0141,instr_ca9b461349,1613.53,INR,failed,issuer_declined,2026-08-19T06:17:19,,
pay_aba0975df6,ord_a4af75d019,cust_0318,merch_009,dev_0394,instr_a44a7218e2,542.01,INR,success,,2026-08-27T18:07:49,2026-08-27T18:07:54,2026-08-27T18:08:02
pay_87c13cc7b7,ord_53861a2e98,cust_0394,merch_009,dev_0394,instr_776980baed,526.85,INR,success,,2026-08-27T18:27:49,2026-08-27T18:27:52,2026-08-27T18:28:01
pay_a80c0da1f7,ord_1304b13ea5,cust_0164,merch_009,dev_0394,instr_71eb2c1ffc,491.22,INR,success,,2026-08-27T17:58:49,2026-08-27T17:58:54,2026-08-27T17:58:55
pay_c0e7295d36,ord_8c5de00544,cust_0394,merch_009,dev_0394,instr_776980baed,563.11,INR,success,,2026-08-27T18:04:49,2026-08-27T18:04:50,2026-08-27T18:04:55
pay_4d8f270a52,ord_2dbb5bdcfe,cust_0318,merch_009,dev_0394,instr_a44a7218e2,524.87,INR,success,,2026-08-27T18:16:49,2026-08-27T18:16:53,2026-08-27T18:17:01
pay_54d3fd088b,ord_b82978978d,cust_0318,merch_009,dev_0394,instr_b6a3dcec06,510.97,INR,success,,2026-08-27T17:44:49,2026-08-27T17:44:53,2026-08-27T17:44:55
pay_27f7c51797,ord_7a1129c3e4,cust_0164,merch_009,dev_0394,instr_71eb2c1ffc,551.75,INR,success,,2026-08-27T17:52:49,2026-08-27T17:52:53,2026-08-27T17:52:57
pay_252660f33c,ord_99b4a38486,cust_0394,merch_009,dev_0394,instr_776980baed,511.25,INR,success,,2026-08-27T17:49:49,2026-08-27T17:49:53,2026-08-27T17:49:59
pay_8563d2749f,ord_f3b7835515,cust_0164,merch_009,dev_0394,instr_71eb2c1ffc,507.23,INR,success,,2026-08-27T18:28:49,2026-08-27T18:28:52,2026-08-27T18:28:54
pay_3e9c3bb269,ord_911cc86001,cust_0347,merch_006,dev_0347,instr_fa0260f27d,40138.6,INR,success,,2026-08-23T14:21:10,2026-08-23T14:21:13,2026-08-23T14:21:22
pay_8270cf5f8f,ord_947e252bd6,cust_0219,merch_015,dev_0219,instr_e9392b2dd2,667.07,INR,success,,2026-07-22T09:48:13,2026-07-22T09:48:17,2026-07-22T09:48:24
pay_b532968c0a,ord_8adbcf2b53,cust_0015,merch_024,dev_0015,instr_c6a5c01e82,3571.91,INR,success,,2026-08-30T23:56:00,2026-08-30T23:56:02,2026-08-30T23:56:06
pay_118a851c25,ord_01862bc793,cust_0143,merch_025,dev_0143,instr_e4247d1085,9858.08,INR,success,,2026-08-29T13:19:05,2026-08-29T13:19:10,2026-08-29T13:19:13
pay_fa4b502e5a,ord_b285206ee8,cust_0188,merch_011,dev_0188,instr_8c0642a246,259.54,INR,success,,2026-08-21T00:34:49,2026-08-21T00:34:54,2026-08-21T00:35:01
pay_f0a73ba9ef,ord_94c5bcd46e,cust_0301,merch_004,dev_0301,instr_7b93a731f3,1283.72,INR,success,,2026-09-02T10:33:33,2026-09-02T10:33:36,2026-09-02T10:33:46
pay_b028c56a94,ord_ad37a63f5a,cust_0303,merch_003,dev_0303,instr_fa80695e44,4788.45,INR,failed,timeout,2026-07-27T15:54:53,,
pay_219e481026,ord_e43bd032aa,cust_0073,merch_017,dev_0073,instr_92c1225941,935.0,INR,success,,2026-08-29T07:23:42,2026-08-29T07:23:46,2026-08-29T07:23:55
pay_31e47c129e,ord_a614164f61,cust_0356,merch_021,dev_0356,instr_2f959111b8,18582.92,INR,success,,2026-07-20T16:49:29,2026-07-20T16:49:31,2026-07-20T16:49:37
pay_28bb81a3a5,ord_c1ca4268d6,cust_0231,merch_020,dev_0231,instr_b41f4ef099,602.65,INR,failed,issuer_declined,2026-07-05T10:19:51,,
pay_18f0817a05,ord_2ce83c0847,cust_0288,merch_017,dev_0288,instr_5589fb5aed,5795.91,INR,success,,2026-08-21T05:48:15,2026-08-21T05:48:19,2026-08-21T05:48:27
pay_60860a294c,ord_881722b010,cust_0086,merch_003,dev_0086,instr_6d21f0191b,9856.75,INR,failed,timeout,2026-07-25T21:52:15,,
pay_138b76f135,ord_f9d029babb,cust_0148,merch_006,dev_0148,instr_90cfcba4ea,7439.33,INR,success,,2026-08-21T14:09:49,2026-08-21T14:09:52,2026-08-21T14:10:01
pay_13594bd1b0,ord_ce346a088a,cust_0188,merch_018,dev_0188,instr_8c0642a246,1936.91,INR,success,,2026-08-16T08:27:31,2026-08-16T08:27:32,2026-08-16T08:27:36
pay_d303abcd22,ord_4e409dc2e4,cust_0153,merch_002,dev_0153,instr_c3c766f45c,588.01,INR,success,,2026-07-12T22:41:06,2026-07-12T22:41:07,2026-07-12T22:41:11
pay_3f422e2ed7,ord_357b94ee3a,cust_0108,merch_024,dev_0108,instr_623668c236,5181.62,INR,success,,2026-09-01T18:00:47,2026-09-01T18:00:49,2026-09-01T18:00:53
pay_60e61970e1,ord_17ac7ac084,cust_0106,merch_002,dev_0106,instr_fc19afd1ae,7088.95,INR,success,,2026-08-31T10:46:45,2026-08-31T10:46:48,2026-08-31T10:46:53
pay_f397582e87,ord_a0062ac5e1,cust_0294,merch_009,dev_0294,instr_d53c37a8a1,31547.77,INR,success,,2026-07-13T17:53:26,2026-07-13T17:53:30,2026-07-13T17:53:31
pay_bb35eab940,ord_9da1c190f4,cust_0142,merch_021,dev_0142,instr_dcb5873e8b,1312.51,INR,success,,2026-07-28T17:47:24,2026-07-28T17:47:26,2026-07-28T17:47:33
pay_0b6d6ae2ec,ord_7da3a5d1ea,cust_0251,merch_005,dev_0251,instr_0588a60308,4321.53,INR,success,,2026-08-13T17:12:51,2026-08-13T17:12:52,2026-08-13T17:12:59
pay_5dbd2fbef7,ord_c1b2d866dd,cust_0264,merch_024,dev_0264,instr_3a775d97ea,1410.87,INR,success,,2026-08-09T07:59:53,2026-08-09T07:59:56,2026-08-09T08:00:06
pay_a9800bea38,ord_eb68195444,cust_0002,merch_025,dev_0184,instr_a3b08dafcc,2477.99,INR,success,,2026-08-18T00:15:51,2026-08-18T00:15:56,2026-08-18T00:16:03
pay_444ad07a31,ord_8b42812ca5,cust_0112,merch_014,dev_0112,instr_9b814e089c,6694.51,INR,success,,2026-08-04T20:19:49,2026-08-04T20:19:54,2026-08-04T20:19:57
pay_1cb33a7176,ord_da457cf72b,cust_0290,merch_016,dev_0290,instr_04648c171c,10888.62,INR,failed,issuer_declined,2026-07-09T04:48:06,,
pay_711592cb5c,ord_f4644e4b74,cust_0236,merch_001,dev_0236,instr_59e89baa7f,1300.71,INR,failed,expired,2026-08-16T08:16:14,,
pay_4a07ce129c,ord_6dae045e57,cust_0104,merch_023,dev_0178,instr_29dc44a7a7,45521.62,INR,success,,2026-08-02T19:23:51,2026-08-02T19:23:54,2026-08-02T19:23:56
pay_3f40091e4f,ord_5613f2a008,cust_0336,merch_012,dev_0336,instr_1b4a02ccb5,620.58,INR,success,,2026-07-20T13:42:05,2026-07-20T13:42:08,2026-07-20T13:42:12
pay_06a4ef5461,ord_367045bfe6,cust_0220,merch_021,dev_0220,instr_aa96a60808,233.26,INR,failed,insufficient_funds,2026-07-25T05:18:26,,
pay_e104396bdf,ord_48b12f4eb2,cust_0266,merch_022,dev_0266,instr_69bd4e0aaa,111.29,INR,success,,2026-08-06T20:35:08,2026-08-06T20:35:12,2026-08-06T20:35:15
pay_d253fe05b3,ord_1542c695c9,cust_0245,merch_003,dev_0082,instr_a307627e0e,225.06,INR,success,,2026-07-14T10:40:21,2026-07-14T10:40:24,2026-07-14T10:40:27
pay_506e5fd94e,ord_5251077c40,cust_0196,merch_025,dev_0196,instr_9beac64880,10682.22,INR,success,,2026-07-18T08:52:18,2026-07-18T08:52:19,2026-07-18T08:52:29
pay_e6210a6d50,ord_f55931438d,cust_0333,merch_006,dev_0333,instr_b9c92eaaf1,1111.4,INR,success,,2026-07-19T04:43:38,2026-07-19T04:43:42,2026-07-19T04:43:46
pay_52dad162ea,ord_93fb355577,cust_0045,merch_004,dev_0045,instr_9d0b0e733d,272.42,INR,success,,2026-08-10T18:51:33,2026-08-10T18:51:36,2026-08-10T18:51:39
pay_2b006fcdab,ord_1554930e3e,cust_0127,merch_009,dev_0127,instr_1704f27af6,4105.75,INR,success,,2026-08-31T20:25:45,2026-08-31T20:25:46,2026-08-31T20:25:51
pay_e8cfb14e85,ord_1c148dc9c5,cust_0106,merch_017,dev_0106,instr_fc19afd1ae,3480.79,INR,success,,2026-08-11T12:50:45,2026-08-11T12:50:47,2026-08-11T12:50:55
pay_46bb632827,ord_aa5afe9fc1,cust_0198,merch_004,dev_0198,instr_31d24b5012,993.32,INR,success,,2026-07-11T09:28:11,2026-07-11T09:28:14,2026-07-11T09:28:17
pay_e856bf77a9,ord_4a693e5e47,cust_0199,merch_019,dev_0199,instr_461b2ff6d4,864.9,INR,success,,2026-07-21T06:35:02,2026-07-21T06:35:03,2026-07-21T06:35:04
pay_7f4b313a2b,ord_dd3f3de8cc,cust_0301,merch_003,dev_0301,instr_7b93a731f3,402.04,INR,success,,2026-07-10T08:54:09,2026-07-10T08:54:14,2026-07-10T08:54:21
pay_162b10d395,ord_2698974edd,cust_0217,merch_023,dev_0217,instr_e9b1890c2c,996.75,INR,success,,2026-08-25T16:49:40,2026-08-25T16:49:43,2026-08-25T16:49:45
pay_f8009ca2fe,ord_a5a054a6c7,cust_0262,merch_007,dev_0262,instr_3d280f2f62,17904.33,INR,success,,2026-08-05T05:23:00,2026-08-05T05:23:01,2026-08-05T05:23:06
pay_f328c8e89d,ord_58f852c483,cust_0358,merch_014,dev_0358,instr_f23d99f798,10387.92,INR,failed,insufficient_funds,2026-07-10T02:55:50,,
pay_e2a54272e6,ord_a6fb822cda,cust_0233,merch_020,dev_0233,instr_d47ac046b1,4747.55,INR,failed,technical_failure,2026-07-21T13:17:04,,
pay_44e32fa9e5,ord_dcd49ffc12,cust_0006,merch_006,dev_0006,instr_a94351fb16,585.39,INR,success,,2026-08-23T17:12:59,2026-08-23T17:13:01,2026-08-23T17:13:06
pay_eb67f62bad,ord_d440897db4,cust_0376,merch_004,dev_0376,instr_29e5f695d5,1808.24,INR,success,,2026-08-15T04:23:55,2026-08-15T04:23:58,2026-08-15T04:24:08
pay_a43e3f8d75,ord_ad2ee9d728,cust_0322,merch_003,dev_0394,instr_8ac58fe007,815.09,INR,success,,2026-07-09T21:10:56,2026-07-09T21:10:58,2026-07-09T21:11:04
pay_2928ff2f84,ord_716329b82d,cust_0081,merch_009,dev_0081,instr_47bd6dcc35,10889.82,INR,success,,2026-07-15T16:44:48,2026-07-15T16:44:49,2026-07-15T16:44:50
pay_c3d7d29f21,ord_5ecc52de52,cust_0007,merch_008,dev_0007,instr_b8a0b47765,609.57,INR,success,,2026-07-19T01:43:21,2026-07-19T01:43:22,2026-07-19T01:43:31
pay_b1b0bab202,ord_c6a259d7d4,cust_0366,merch_024,dev_0366,instr_e98a2c06e2,3857.41,INR,success,,2026-07-28T14:29:42,2026-07-28T14:29:45,2026-07-28T14:29:50
pay_5c1aa97558,ord_83ecb8431c,cust_0040,merch_019,dev_0040,instr_08fb8332cf,802.86,INR,success,,2026-07-09T14:44:06,2026-07-09T14:44:11,2026-07-09T14:44:12
pay_3946c4ab00,ord_292ebf1344,cust_0206,merch_003,dev_0206,instr_070d4e0714,10593.34,INR,failed,insufficient_funds,2026-08-03T15:58:41,,
pay_f82d944ded,ord_a7f3ac5685,cust_0189,merch_007,dev_0189,instr_487f77fc0d,1198.31,INR,success,,2026-07-28T01:15:42,2026-07-28T01:15:46,2026-07-28T01:15:50
pay_95320fd999,ord_23acaf072f,cust_0376,merch_018,dev_0376,instr_29e5f695d5,4073.83,INR,failed,insufficient_funds,2026-07-05T02:51:41,,
pay_040768c720,ord_2de120351e,cust_0326,merch_023,dev_0326,instr_8ce25d4ca6,11485.4,INR,success,,2026-07-04T15:24:24,2026-07-04T15:24:27,2026-07-04T15:24:29
pay_6ed2f0a555,ord_4efec73de0,cust_0106,merch_017,dev_0106,instr_fc19afd1ae,27953.0,INR,success,,2026-07-10T07:33:56,2026-07-10T07:33:57,2026-07-10T07:33:58
pay_f6686cd9c4,ord_3341ab11b5,cust_0119,merch_017,dev_0119,instr_19a87cad85,1353.81,INR,success,,2026-08-18T00:17:04,2026-08-18T00:17:09,2026-08-18T00:17:12
pay_4a9f2d42c2,ord_9eb021d755,cust_0327,merch_013,dev_0327,instr_c464a97dd2,894.95,INR,success,,2026-08-15T17:35:00,2026-08-15T17:35:03,2026-08-15T17:35:09
pay_e68ffaa35f,ord_ea6a05489d,cust_0202,merch_023,dev_0202,instr_6976218d83,4925.64,INR,success,,2026-08-17T11:00:08,2026-08-17T11:00:10,2026-08-17T11:00:13
pay_57e03ab864,ord_b875342d0f,cust_0400,merch_025,dev_0400,instr_9b1d77b52b,3131.81,INR,success,,2026-07-20T11:01:17,2026-07-20T11:01:21,2026-07-20T11:01:23
pay_616b4d4148,ord_a6f8f40319,cust_0275,merch_012,dev_0275,instr_7e06bb329e,19890.18,INR,success,,2026-08-03T10:24:32,2026-08-03T10:24:33,2026-08-03T10:24:35
pay_76dbd0fb0c,ord_6fa4b1161d,cust_0081,merch_022,dev_0081,instr_47bd6dcc35,1086.59,INR,success,,2026-09-01T01:47:48,2026-09-01T01:47:51,2026-09-01T01:47:54
pay_d04274d3e4,ord_db5fd63070,cust_0047,merch_023,dev_0047,instr_adb3ca4de6,598.04,INR,success,,2026-08-23T08:26:51,2026-08-23T08:26:54,2026-08-23T08:26:57
pay_7db1e1a7f4,ord_9cce6ea7d5,cust_0016,merch_013,dev_0016,instr_53db26ca85,7337.51,INR,failed,technical_failure,2026-08-26T21:52:28,,
pay_010edef158,ord_9cb5cff422,cust_0072,merch_004,dev_0072,instr_0bc8278de2,1262.52,INR,success,,2026-07-26T01:58:08,2026-07-26T01:58:12,2026-07-26T01:58:18
pay_7afc9999f1,ord_d7c9774ef4,cust_0352,merch_021,dev_0352,instr_9465c67263,15193.5,INR,success,,2026-08-30T09:45:20,2026-08-30T09:45:21,2026-08-30T09:45:22
pay_22be6e427c,ord_f26eee9324,cust_0034,merch_007,dev_0034,instr_a9c9d9c951,28850.39,INR,success,,2026-07-17T00:06:21,2026-07-17T00:06:24,2026-07-17T00:06:26
pay_3a1916e1c9,ord_48c71d08ec,cust_0022,merch_015,dev_0022,instr_74877d71fc,1393.78,INR,success,,2026-08-15T13:19:39,2026-08-15T13:19:43,2026-08-15T13:19:50
pay_73af198dfe,ord_43045fe54e,cust_0089,merch_012,dev_0089,instr_60a6b359c3,362.01,INR,success,,2026-07-31T16:06:30,2026-07-31T16:06:31,2026-07-31T16:06:41
pay_c2e2864673,ord_8622498b6a,cust_0318,merch_020,dev_0394,instr_b6a3dcec06,513.15,INR,failed,timeout,2026-08-13T12:00:41,,
pay_4826ea0594,ord_471f15771e,cust_0071,merch_014,dev_0071,instr_6aa4a634e0,1338.51,INR,success,,2026-08-24T13:14:08,2026-08-24T13:14:13,2026-08-24T13:14:14
pay_b734627cec,ord_16fc40805b,cust_0196,merch_023,dev_0196,instr_cbea0ea8ca,862.32,INR,success,,2026-08-20T13:23:06,2026-08-20T13:23:11,2026-08-20T13:23:17
pay_b19923f580,ord_517524cb43,cust_0199,merch_009,dev_0199,instr_461b2ff6d4,546.43,INR,success,,2026-07-25T18:21:14,2026-07-25T18:21:17,2026-07-25T18:21:18
pay_2b68379960,ord_b834597a60,cust_0242,merch_017,dev_0242,instr_a0a603792d,917.58,INR,failed,authentication_failure,2026-07-27T02:22:30,,
pay_d8e878678f,ord_1e7a31de7f,cust_0137,merch_018,dev_0137,instr_6bfb5a08e0,11131.22,INR,success,,2026-07-09T22:16:35,2026-07-09T22:16:39,2026-07-09T22:16:45
pay_3d59c4f3d1,ord_44e2a85ddf,cust_0089,merch_006,dev_0089,instr_60a6b359c3,545.21,INR,success,,2026-08-08T08:01:31,2026-08-08T08:01:34,2026-08-08T08:01:44
pay_2714a19014,ord_9daadbb7bd,cust_0289,merch_005,dev_0289,instr_9475613211,3476.45,INR,success,,2026-08-21T06:58:17,2026-08-21T06:58:18,2026-08-21T06:58:20
pay_b2d3808616,ord_494a616480,cust_0029,merch_008,dev_0029,instr_7f7f5a2466,1709.24,INR,success,,2026-08-19T21:47:42,2026-08-19T21:47:47,2026-08-19T21:47:51
pay_74b402a8ce,ord_aac1b7eff7,cust_0067,merch_011,dev_0067,instr_0281c974df,11147.2,INR,failed,insufficient_funds,2026-08-04T22:00:59,,
pay_beb37b198c,ord_7e99a874f0,cust_0073,merch_025,dev_0073,instr_92c1225941,836.81,INR,success,,2026-08-08T22:15:17,2026-08-08T22:15:21,2026-08-08T22:15:31
pay_6c9fec68b8,ord_64d9240124,cust_0052,merch_011,dev_0052,instr_e7a459fb4b,291.03,INR,success,,2026-07-19T19:00:38,2026-07-19T19:00:42,2026-07-19T19:00:48
pay_6bc1db72ce,ord_11bd65e60b,cust_0090,merch_023,dev_0090,instr_4a78180810,38355.3,INR,success,,2026-09-02T02:02:44,2026-09-02T02:02:49,2026-09-02T02:02:52
pay_9d4edaac54,ord_a8aa579aae,cust_0194,merch_010,dev_0194,instr_bec6c1159f,4592.43,INR,success,,2026-07-21T18:05:25,2026-07-21T18:05:30,2026-07-21T18:05:37
pay_fc4ae9853a,ord_ea7d59aa4a,cust_0395,merch_019,dev_0395,instr_5b4296737c,943.34,INR,success,,2026-09-01T20:37:16,2026-09-01T20:37:17,2026-09-01T20:37:25
pay_31aeb3586e,ord_26fcd5cbb5,cust_0073,merch_011,dev_0073,instr_92c1225941,3998.96,INR,success,,2026-08-04T12:31:56,2026-08-04T12:31:57,2026-08-04T12:32:03
pay_81120a6841,ord_e1895db7ae,cust_0229,merch_001,dev_0229,instr_9f4c98cc30,449.36,INR,success,,2026-07-11T01:58:23,2026-07-11T01:58:24,2026-07-11T01:58:25
pay_6aaa9fbd29,ord_120988818f,cust_0025,merch_013,dev_0025,instr_10f59c8905,687.51,INR,success,,2026-07-20T15:35:47,2026-07-20T15:35:51,2026-07-20T15:35:57
pay_8d9f96d7d0,ord_7f1596435e,cust_0280,merch_013,dev_0280,instr_5101575ff8,771.28,INR,success,,2026-08-29T14:58:00,2026-08-29T14:58:01,2026-08-29T14:58:02
pay_a506e18716,ord_f105788c19,cust_0151,merch_001,dev_0151,instr_502cbc92ab,1432.33,INR,success,,2026-07-11T16:53:58,2026-07-11T16:54:02,2026-07-11T16:54:05
pay_2bb294e160,ord_28dc7aab86,cust_0375,merch_003,dev_0375,instr_5107a4101f,1357.37,INR,success,,2026-07-13T12:56:58,2026-07-13T12:57:03,2026-07-13T12:57:11
pay_db5f7e6007,ord_9115dee98b,cust_0361,merch_001,dev_0361,instr_81ecee7a5c,1015.09,INR,success,,2026-09-01T11:09:09,2026-09-01T11:09:10,2026-09-01T11:09:16
pay_ccdd7e875d,ord_ed599d0ae5,cust_0106,merch_007,dev_0106,instr_fc19afd1ae,875.76,INR,success,,2026-08-25T22:35:00,2026-08-25T22:35:03,2026-08-25T22:35:07
pay_1170b20e4c,ord_9988653fe3,cust_0050,merch_002,dev_0050,instr_7893089c6c,869.53,INR,failed,technical_failure,2026-08-21T03:59:32,,
pay_68f1118d69,ord_55b8046714,cust_0045,merch_010,dev_0045,instr_9d0b0e733d,8063.46,INR,failed,technical_failure,2026-08-20T03:14:46,,
pay_c3591db20d,ord_623fb20678,cust_0327,merch_010,dev_0327,instr_c464a97dd2,29995.68,INR,success,,2026-07-15T17:09:19,2026-07-15T17:09:23,2026-07-15T17:09:31
pay_792ca44da7,ord_efdc786906,cust_0339,merch_009,dev_0339,instr_9d535b4ea8,861.78,INR,success,,2026-07-22T10:48:16,2026-07-22T10:48:19,2026-07-22T10:48:22
pay_e2b7da42f1,ord_6e7f066fbc,cust_0229,merch_002,dev_0229,instr_9f4c98cc30,751.08,INR,success,,2026-07-26T11:10:57,2026-07-26T11:10:59,2026-07-26T11:11:01
pay_84ad1d1aa8,ord_a72ae4e193,cust_0044,merch_022,dev_0044,instr_e229fa238d,858.03,INR,success,,2026-08-30T18:09:43,2026-08-30T18:09:47,2026-08-30T18:09:56
pay_da0e22a20f,ord_8bd1b22bf7,cust_0215,merch_018,dev_0141,instr_2fa6c904c1,11331.8,INR,success,,2026-08-29T02:31:15,2026-08-29T02:31:16,2026-08-29T02:31:23
pay_49fad59fe7,ord_36f002e148,cust_0366,merch_002,dev_0366,instr_e98a2c06e2,1360.64,INR,failed,issuer_declined,2026-08-28T23:39:27,,
pay_e689c9871c,ord_70656bdb7a,cust_0089,merch_006,dev_0089,instr_60a6b359c3,42721.51,INR,success,,2026-07-16T18:02:04,2026-07-16T18:02:08,2026-07-16T18:02:12
pay_ab81681947,ord_33b9251496,cust_0322,merch_005,dev_0394,instr_8ac58fe007,4207.81,INR,success,,2026-07-11T00:08:57,2026-07-11T00:09:01,2026-07-11T00:09:10
pay_f84c0d53de,ord_8e081be505,cust_0167,merch_009,dev_0167,instr_659117e20e,1384.03,INR,failed,technical_failure,2026-07-05T16:48:35,,
pay_96d9e9c787,ord_f01475df3b,cust_0291,merch_019,dev_0291,instr_2f28cba5a3,11630.73,INR,success,,2026-07-14T05:29:32,2026-07-14T05:29:33,2026-07-14T05:29:38
pay_f02b4035d1,ord_2e21da66cf,cust_0275,merch_012,dev_0275,instr_7e06bb329e,4273.43,INR,failed,timeout,2026-08-20T15:29:40,,
pay_d8ecccd4e7,ord_9817d1a743,cust_0074,merch_020,dev_0074,instr_023cf68421,8783.44,INR,success,,2026-07-08T06:22:11,2026-07-08T06:22:14,2026-07-08T06:22:18
pay_d169cd82e0,ord_2835ec95cd,cust_0026,merch_024,dev_0026,instr_ee939a3153,476.02,INR,success,,2026-08-09T15:50:59,2026-08-09T15:51:02,2026-08-09T15:51:07
pay_9909510664,ord_829a5ab79f,cust_0144,merch_016,dev_0184,instr_8c83c4c84f,8690.95,INR,success,,2026-07-26T15:10:45,2026-07-26T15:10:49,2026-07-26T15:10:55
pay_3bf13fe5ed,ord_5649027bee,cust_0138,merch_024,dev_0138,instr_c5ca586c43,1003.78,INR,success,,2026-07-22T17:55:18,2026-07-22T17:55:22,2026-07-22T17:55:30
pay_63105a8b74,ord_df81306f4b,cust_0389,merch_017,dev_0389,instr_1eb9ebce1d,10120.68,INR,failed,authentication_failure,2026-08-23T12:39:55,,
pay_52144d5749,ord_8e9d891da7,cust_0207,merch_005,dev_0207,instr_292b32f6be,7005.01,INR,success,,2026-08-28T17:06:09,2026-08-28T17:06:11,2026-08-28T17:06:12
pay_2fc8a56689,ord_06111137ef,cust_0128,merch_002,dev_0128,instr_033a3dbcf9,1385.24,INR,success,,2026-07-23T19:57:33,2026-07-23T19:57:37,2026-07-23T19:57:46
pay_d282f68cf2,ord_fc31a8acb2,cust_0204,merch_021,dev_0204,instr_2dee773f2c,37884.63,INR,success,,2026-07-27T23:45:23,2026-07-27T23:45:27,2026-07-27T23:45:30
pay_2e7ddf0874,ord_f617b883b9,cust_0243,merch_019,dev_0243,instr_d2ee6fe845,5114.61,INR,success,,2026-07-29T14:43:16,2026-07-29T14:43:20,2026-07-29T14:43:21
pay_a585543422,ord_e29d10325e,cust_0084,merch_019,dev_0084,instr_fdd5884b36,3750.35,INR,success,,2026-07-25T23:47:07,2026-07-25T23:47:10,2026-07-25T23:47:17
pay_507e48763d,ord_c7d8c39e48,cust_0263,merch_001,dev_0263,instr_9991d340a3,11654.95,INR,success,,2026-07-05T08:44:01,2026-07-05T08:44:03,2026-07-05T08:44:13
pay_2a2dfc1c9a,ord_07c69a74a9,cust_0005,merch_008,dev_0005,instr_e74629cf80,1227.12,INR,success,,2026-08-03T03:46:21,2026-08-03T03:46:25,2026-08-03T03:46:31
pay_1d39fa2524,ord_f7fbce6a46,cust_0236,merch_009,dev_0236,instr_59e89baa7f,523.0,INR,success,,2026-08-24T01:10:27,2026-08-24T01:10:28,2026-08-24T01:10:37
pay_dffd59420a,ord_330c7a4e18,cust_0340,merch_012,dev_0340,instr_57f235fd02,7734.61,INR,success,,2026-07-31T22:41:05,2026-07-31T22:41:09,2026-07-31T22:41:11
pay_c444117618,ord_782c3e7173,cust_0173,merch_009,dev_0173,instr_0883157c0f,10545.66,INR,success,,2026-07-29T20:30:59,2026-07-29T20:31:04,2026-07-29T20:31:08
pay_67bdfbb7dc,ord_3dd5f98355,cust_0030,merch_020,dev_0030,instr_c2dd1c4f60,547.42,INR,success,,2026-07-18T02:03:33,2026-07-18T02:03:36,2026-07-18T02:03:41
pay_e5b21164dc,ord_868cc9c8c6,cust_0215,merch_013,dev_0141,instr_2fa6c904c1,149.45,INR,success,,2026-08-29T00:57:19,2026-08-29T00:57:21,2026-08-29T00:57:30
pay_ba71ac4d69,ord_6c4be0ff43,cust_0327,merch_016,dev_0327,instr_c464a97dd2,37531.0,INR,success,,2026-08-22T18:07:45,2026-08-22T18:07:50,2026-08-22T18:07:53
pay_223f1248c4,ord_cee9eb753d,cust_0151,merch_004,dev_0151,instr_502cbc92ab,1137.29,INR,success,,2026-08-27T18:38:17,2026-08-27T18:38:20,2026-08-27T18:38:22
pay_ba76494aae,ord_cf934782b8,cust_0114,merch_012,dev_0114,instr_c5ff75eaa4,1320.01,INR,success,,2026-08-14T07:46:19,2026-08-14T07:46:24,2026-08-14T07:46:29
pay_241fa824b5,ord_b260a7b790,cust_0238,merch_004,dev_0238,instr_e84df31a90,1312.95,INR,success,,2026-08-30T03:49:38,2026-08-30T03:49:40,2026-08-30T03:49:49
pay_a9ff5f99a0,ord_a84c2e3673,cust_0062,merch_022,dev_0062,instr_8a8efdbc44,517.7,INR,failed,technical_failure,2026-07-09T17:58:24,,
pay_22c5b4ce72,ord_a0a5909aec,cust_0210,merch_019,dev_0210,instr_11bf708641,11859.82,INR,success,,2026-07-18T09:44:11,2026-07-18T09:44:13,2026-07-18T09:44:15
pay_df383cf639,ord_9c170dc041,cust_0250,merch_011,dev_0141,instr_e3d26852ae,3356.65,INR,success,,2026-07-10T03:10:53,2026-07-10T03:10:55,2026-07-10T03:10:58
pay_da6f83783a,ord_4544e7fe3c,cust_0296,merch_025,dev_0296,instr_1bb4a997ad,1199.3,INR,success,,2026-07-13T01:09:04,2026-07-13T01:09:08,2026-07-13T01:09:15
pay_7c08934b0b,ord_2240d0b60b,cust_0220,merch_016,dev_0220,instr_aa96a60808,152.82,INR,success,,2026-07-23T20:40:07,2026-07-23T20:40:10,2026-07-23T20:40:19
pay_755f65d1cd,ord_7f76740da3,cust_0098,merch_001,dev_0098,instr_b8d8bdf67a,8080.21,INR,success,,2026-07-28T15:47:59,2026-07-28T15:48:02,2026-07-28T15:48:07
pay_4fdc4849f5,ord_658ccfec17,cust_0067,merch_004,dev_0067,instr_0281c974df,924.14,INR,success,,2026-07-20T17:11:06,2026-07-20T17:11:09,2026-07-20T17:11:14
pay_eec66f7ae3,ord_15180e5ee6,cust_0234,merch_024,dev_0234,instr_d48d4bd0e6,833.76,INR,success,,2026-08-15T14:30:47,2026-08-15T14:30:51,2026-08-15T14:30:57
pay_5f1ab6bb51,ord_1c494dcfaf,cust_0385,merch_007,dev_0385,instr_98e18a3308,1369.65,INR,success,,2026-08-12T15:58:14,2026-08-12T15:58:16,2026-08-12T15:58:20
pay_30343898dd,ord_88519359c6,cust_0376,merch_001,dev_0376,instr_29e5f695d5,3274.34,INR,success,,2026-08-09T02:13:11,2026-08-09T02:13:14,2026-08-09T02:13:23
pay_e69332ede3,ord_a7019af760,cust_0320,merch_002,dev_0320,instr_ac9bb5f1b4,2003.58,INR,failed,technical_failure,2026-07-14T23:55:21,,
pay_8423301bda,ord_f72c6f94d5,cust_0228,merch_013,dev_0228,instr_ee405bf8fe,453.83,INR,success,,2026-07-19T08:48:43,2026-07-19T08:48:44,2026-07-19T08:48:49
pay_439f756979,ord_3ba5649d13,cust_0216,merch_022,dev_0216,instr_3d1e10e9e5,828.43,INR,success,,2026-09-01T07:13:49,2026-09-01T07:13:50,2026-09-01T07:13:59
pay_fc5d0bd3e0,ord_ff787b091e,cust_0369,merch_020,dev_0369,instr_9e4725adec,259.62,INR,success,,2026-07-14T19:36:44,2026-07-14T19:36:46,2026-07-14T19:36:51
pay_940b454c4d,ord_795ff48e69,cust_0268,merch_007,dev_0268,instr_c25f99d4db,673.66,INR,success,,2026-07-20T01:41:51,2026-07-20T01:41:53,2026-07-20T01:42:01
pay_cac05fbd51,ord_a17458196a,cust_0170,merch_008,dev_0170,instr_ff3239f059,1040.29,INR,failed,technical_failure,2026-07-15T05:19:21,,
pay_be62b9b4bf,ord_b09c08a7b0,cust_0262,merch_003,dev_0262,instr_3d280f2f62,2563.55,INR,success,,2026-07-29T08:16:18,2026-07-29T08:16:21,2026-07-29T08:16:26
pay_e8de2c67c8,ord_d4bd7586da,cust_0238,merch_002,dev_0238,instr_e84df31a90,344.58,INR,success,,2026-07-08T07:54:44,2026-07-08T07:54:47,2026-07-08T07:54:54
pay_774138f6fa,ord_ac2fff45a0,cust_0379,merch_004,dev_0379,instr_ddf819e101,1161.49,INR,success,,2026-07-08T22:55:45,2026-07-08T22:55:47,2026-07-08T22:55:53
pay_9ae43ec5a4,ord_0b2ff88e43,cust_0184,merch_015,dev_0184,instr_7f3612b7c1,22195.76,INR,success,,2026-07-13T12:35:32,2026-07-13T12:35:34,2026-07-13T12:35:36
pay_6a56218443,ord_fc7e8d22cf,cust_0206,merch_013,dev_0206,instr_070d4e0714,22329.66,INR,success,,2026-08-10T22:46:56,2026-08-10T22:46:58,2026-08-10T22:47:00
pay_fd2a9ec733,ord_0b15ac85f8,cust_0068,merch_023,dev_0068,instr_239eeba312,11806.48,INR,success,,2026-07-19T23:25:05,2026-07-19T23:25:10,2026-07-19T23:25:18
pay_cd4d145ce9,ord_c6704a3177,cust_0292,merch_022,dev_0292,instr_c79e24f242,955.85,INR,success,,2026-08-08T07:35:45,2026-08-08T07:35:47,2026-08-08T07:35:55
pay_896fc2153a,ord_3e1fbbe120,cust_0250,merch_004,dev_0141,instr_e3d26852ae,6127.22,INR,success,,2026-07-10T15:35:01,2026-07-10T15:35:02,2026-07-10T15:35:11
pay_edc8e944eb,ord_f05e11f214,cust_0393,merch_024,dev_0393,instr_d7f906a9f8,7432.63,INR,success,,2026-08-06T08:17:51,2026-08-06T08:17:53,2026-08-06T08:18:01
pay_13286b7dc7,ord_2a27149f04,cust_0178,merch_022,dev_0178,instr_4a85103c58,5541.2,INR,failed,risk_block,2026-08-27T17:02:10,,
pay_1bdbe718f2,ord_31d4f16859,cust_0259,merch_016,dev_0259,instr_61217e4fe9,10628.86,INR,success,,2026-07-11T18:26:55,2026-07-11T18:26:58,2026-07-11T18:27:03
pay_0eb3993117,ord_80eb1d7d29,cust_0026,merch_017,dev_0026,instr_ee939a3153,1000.64,INR,failed,insufficient_funds,2026-08-12T15:42:12,,
pay_2549502a24,ord_f95ced442d,cust_0294,merch_015,dev_0294,instr_d53c37a8a1,797.84,INR,success,,2026-08-04T04:28:36,2026-08-04T04:28:37,2026-08-04T04:28:39
pay_dfee40bcf0,ord_76013078c0,cust_0207,merch_014,dev_0207,instr_292b32f6be,868.74,INR,success,,2026-07-13T07:48:07,2026-07-13T07:48:12,2026-07-13T07:48:16
pay_5aba53d57f,ord_9a974ec7f2,cust_0336,merch_022,dev_0336,instr_1b4a02ccb5,577.2,INR,success,,2026-07-09T18:28:13,2026-07-09T18:28:16,2026-07-09T18:28:25
pay_f7dc3874a4,ord_ad24cdb2f3,cust_0393,merch_020,dev_0393,instr_d7f906a9f8,9024.91,INR,failed,issuer_declined,2026-08-08T18:32:15,,
pay_92ae2d589b,ord_a81ad2af33,cust_0114,merch_001,dev_0114,instr_c5ff75eaa4,1261.84,INR,success,,2026-08-01T20:22:15,2026-08-01T20:22:16,2026-08-01T20:22:19
pay_8f0e93597c,ord_85af9a9d5a,cust_0253,merch_005,dev_0253,instr_7871962e27,9296.36,INR,success,,2026-08-13T05:31:48,2026-08-13T05:31:50,2026-08-13T05:31:54
pay_594e478f00,ord_73c3b62729,cust_0062,merch_013,dev_0062,instr_e3f386e92a,1254.38,INR,failed,insufficient_funds,2026-07-23T00:04:50,,
pay_3806ca4229,ord_415bed1ed8,cust_0325,merch_022,dev_0325,instr_fac34b3890,9607.52,INR,success,,2026-08-17T05:45:06,2026-08-17T05:45:11,2026-08-17T05:45:14
pay_c20bd2df2b,ord_af37bc9205,cust_0256,merch_001,dev_0079,instr_dbd7b746ba,168.0,INR,success,,2026-08-15T12:31:16,2026-08-15T12:31:18,2026-08-15T12:31:28
pay_86dcf8be62,ord_d9a32074d4,cust_0089,merch_024,dev_0089,instr_60a6b359c3,2587.32,INR,success,,2026-08-31T19:22:25,2026-08-31T19:22:29,2026-08-31T19:22:36
pay_b2262c5b9c,ord_0d3728391a,cust_0312,merch_023,dev_0312,instr_f7f895655b,4372.76,INR,success,,2026-08-06T18:55:08,2026-08-06T18:55:10,2026-08-06T18:55:13
pay_0047cfd8d1,ord_b0275923db,cust_0212,merch_020,dev_0212,instr_6824af1010,9358.48,INR,success,,2026-08-02T12:31:05,2026-08-02T12:31:10,2026-08-02T12:31:14
pay_d1243d1c72,ord_03b1fefa14,cust_0103,merch_007,dev_0103,instr_880ab5395c,4551.08,INR,success,,2026-08-07T00:35:32,2026-08-07T00:35:34,2026-08-07T00:35:43
pay_345d35d4bb,ord_d316f973bf,cust_0278,merch_023,dev_0278,instr_64949b0d51,8958.7,INR,success,,2026-08-07T16:46:24,2026-08-07T16:46:28,2026-08-07T16:46:37
pay_90642b0ef1,ord_fb1d3c511b,cust_0147,merch_014,dev_0273,instr_f2eaa2a3e7,6988.66,INR,failed,authentication_failure,2026-07-06T22:53:18,,
pay_cb3f197fa2,ord_6d22d0b6bb,cust_0103,merch_009,dev_0103,instr_880ab5395c,3189.82,INR,failed,technical_failure,2026-08-01T07:51:45,,
pay_0f0e978d93,ord_1a658a5575,cust_0152,merch_007,dev_0152,instr_2e351d7879,1839.22,INR,success,,2026-08-17T10:37:17,2026-08-17T10:37:22,2026-08-17T10:37:26
pay_9363c4c132,ord_e84d752146,cust_0381,merch_021,dev_0381,instr_8d10272260,3994.75,INR,success,,2026-08-01T10:14:47,2026-08-01T10:14:51,2026-08-01T10:14:58
pay_007019bf79,ord_5e5fda671a,cust_0351,merch_011,dev_0351,instr_b186657d3d,14044.48,INR,success,,2026-07-28T21:40:02,2026-07-28T21:40:06,2026-07-28T21:40:10
pay_4284520666,ord_a5927d4057,cust_0325,merch_023,dev_0325,instr_52bb606954,5361.28,INR,success,,2026-08-30T15:02:13,2026-08-30T15:02:15,2026-08-30T15:02:20
pay_f646951d27,ord_164e53e5d4,cust_0230,merch_006,dev_0230,instr_5e394251bd,14829.82,INR,success,,2026-07-21T08:58:19,2026-07-21T08:58:23,2026-07-21T08:58:28
pay_8292d43d29,ord_6dccf9a3d1,cust_0285,merch_009,dev_0285,instr_cb2f28b794,917.58,INR,success,,2026-07-29T06:13:50,2026-07-29T06:13:52,2026-07-29T06:13:53
pay_4b72b539fc,ord_77c73b8707,cust_0079,merch_011,dev_0079,instr_0ec16f2b69,9623.44,INR,success,,2026-09-02T06:28:19,2026-09-02T06:28:24,2026-09-02T06:28:33
pay_e632941b46,ord_0f269c9a3f,cust_0184,merch_003,dev_0184,instr_7f3612b7c1,4837.52,INR,success,,2026-07-25T20:32:55,2026-07-25T20:33:00,2026-07-25T20:33:03
pay_0ce03b3354,ord_7cf5932091,cust_0213,merch_018,dev_0213,instr_a2aac7b6e1,228.72,INR,success,,2026-07-25T23:25:43,2026-07-25T23:25:46,2026-07-25T23:25:52
pay_810556dc98,ord_53b99c6b30,cust_0151,merch_007,dev_0151,instr_502cbc92ab,35494.66,INR,failed,timeout,2026-08-19T14:29:50,,
pay_bd7155f276,ord_c1235d1b77,cust_0124,merch_021,dev_0124,instr_9eaa4bef4d,8021.88,INR,success,,2026-07-08T08:55:14,2026-07-08T08:55:15,2026-07-08T08:55:22
pay_5b15b298f8,ord_3cf5aedbbd,cust_0132,merch_018,dev_0399,instr_9f899c2b91,1759.41,INR,success,,2026-08-23T16:23:21,2026-08-23T16:23:26,2026-08-23T16:23:34
pay_c4d8e30b2b,ord_07b71c38e7,cust_0250,merch_002,dev_0141,instr_e3d26852ae,1012.14,INR,success,,2026-08-04T14:22:58,2026-08-04T14:23:00,2026-08-04T14:23:09
pay_00cec5680a,ord_ec084cae67,cust_0274,merch_001,dev_0274,instr_1b38863452,3713.21,INR,success,,2026-07-25T04:44:02,2026-07-25T04:44:04,2026-07-25T04:44:13
pay_7a1f795811,ord_7ace4537ae,cust_0360,merch_024,dev_0360,instr_a53093c013,8288.89,INR,failed,authentication_failure,2026-07-11T12:03:10,,
pay_101d6427c9,ord_3dffea6f87,cust_0020,merch_003,dev_0020,instr_a4a5d80aab,349.19,INR,success,,2026-07-28T22:59:17,2026-07-28T22:59:19,2026-07-28T22:59:24
pay_d14ea34bd6,ord_a01594ab05,cust_0209,merch_013,dev_0209,instr_00436b664d,666.23,INR,success,,2026-08-04T05:16:31,2026-08-04T05:16:32,2026-08-04T05:16:41
pay_377d577f83,ord_ee63ded4ab,cust_0004,merch_021,dev_0004,instr_61669119e0,2163.99,INR,success,,2026-08-30T08:33:56,2026-08-30T08:33:57,2026-08-30T08:34:03
pay_e9a7c1f95c,ord_2ac007f59f,cust_0258,merch_004,dev_0258,instr_d6e38f18f9,1060.23,INR,success,,2026-09-01T09:24:03,2026-09-01T09:24:07,2026-09-01T09:24:14
pay_73ead9680d,ord_3963218a87,cust_0203,merch_022,dev_0203,instr_5dbbb2d5cc,318.85,INR,success,,2026-07-25T20:19:27,2026-07-25T20:19:32,2026-07-25T20:19:37
pay_3c5d8a2160,ord_c96a77d365,cust_0325,merch_005,dev_0325,instr_52bb606954,1341.77,INR,success,,2026-08-09T17:27:25,2026-08-09T17:27:30,2026-08-09T17:27:33
pay_7ba76a4e88,ord_fbc5eb856a,cust_0064,merch_002,dev_0064,instr_39b5f4c39d,935.32,INR,success,,2026-08-25T15:39:17,2026-08-25T15:39:20,2026-08-25T15:39:24
pay_e9878dbc1c,ord_33bca3413a,cust_0212,merch_021,dev_0212,instr_11b8ec988e,2995.78,INR,success,,2026-07-22T08:44:02,2026-07-22T08:44:05,2026-07-22T08:44:09
pay_a6f009884f,ord_05ff520358,cust_0059,merch_006,dev_0059,instr_64e34d3287,7456.57,INR,success,,2026-07-09T18:44:02,2026-07-09T18:44:03,2026-07-09T18:44:08
pay_c649db10cc,ord_1de12c09e8,cust_0344,merch_003,dev_0344,instr_350eba6240,376.38,INR,success,,2026-08-29T20:53:09,2026-08-29T20:53:12,2026-08-29T20:53:15
pay_c715a88eb3,ord_adcfd453a1,cust_0344,merch_021,dev_0344,instr_350eba6240,499.19,INR,success,,2026-07-11T06:39:59,2026-07-11T06:40:03,2026-07-11T06:40:09
pay_7eff7ac5e7,ord_dbad49351c,cust_0316,merch_022,dev_0316,instr_e3b3e632bd,917.84,INR,success,,2026-08-28T09:49:54,2026-08-28T09:49:58,2026-08-28T09:50:01
pay_9dbefc37e5,ord_4564b81203,cust_0003,merch_011,dev_0003,instr_aac39f3f7b,410.14,INR,success,,2026-08-15T20:14:33,2026-08-15T20:14:35,2026-08-15T20:14:41
pay_490f201517,ord_78565b9fd1,cust_0246,merch_015,dev_0246,instr_adeebe43a3,1184.67,INR,success,,2026-08-20T18:43:32,2026-08-20T18:43:37,2026-08-20T18:43:39
pay_8f0b510123,ord_ad46deaa52,cust_0144,merch_005,dev_0184,instr_8c83c4c84f,3562.54,INR,success,,2026-07-11T22:10:12,2026-07-11T22:10:17,2026-07-11T22:10:18
pay_cccd4aff90,ord_fddc46dd55,cust_0298,merch_019,dev_0298,instr_ff72681380,926.05,INR,success,,2026-07-08T01:24:55,2026-07-08T01:25:00,2026-07-08T01:25:08
pay_9de629604e,ord_e0689793a5,cust_0335,merch_025,dev_0335,instr_b74da0e4fc,649.5,INR,failed,insufficient_funds,2026-08-30T17:52:09,,
pay_4db60596f4,ord_df4093c2c7,cust_0047,merch_013,dev_0047,instr_adb3ca4de6,114.83,INR,success,,2026-07-27T16:37:57,2026-07-27T16:37:59,2026-07-27T16:38:07
pay_f8645e2cce,ord_66067b2a0f,cust_0082,merch_006,dev_0082,instr_e02a4baab7,7441.03,INR,success,,2026-07-18T16:40:06,2026-07-18T16:40:07,2026-07-18T16:40:11
pay_e1b9c42ac7,ord_35c35c4b62,cust_0390,merch_016,dev_0390,instr_8d8a209d14,470.1,INR,success,,2026-07-27T05:18:10,2026-07-27T05:18:15,2026-07-27T05:18:21
pay_c0478fe393,ord_2565b21fad,cust_0199,merch_016,dev_0199,instr_461b2ff6d4,45498.98,INR,failed,expired,2026-07-08T08:59:04,,
pay_9023e7a868,ord_54edf051d4,cust_0325,merch_009,dev_0325,instr_52bb606954,4264.82,INR,success,,2026-08-26T08:25:39,2026-08-26T08:25:43,2026-08-26T08:25:49
pay_aca347ed9e,ord_a0a1765af5,cust_0301,merch_021,dev_0301,instr_7b93a731f3,2317.29,INR,success,,2026-07-28T22:14:19,2026-07-28T22:14:21,2026-07-28T22:14:30
pay_4d0b10b018,ord_aded0dc049,cust_0208,merch_012,dev_0208,instr_18f695abc4,5122.84,INR,success,,2026-08-20T07:23:52,2026-08-20T07:23:54,2026-08-20T07:24:02
pay_2bde6304ac,ord_d945c0ac2d,cust_0085,merch_008,dev_0085,instr_0c957b2543,1000.87,INR,success,,2026-07-25T00:52:14,2026-07-25T00:52:17,2026-07-25T00:52:27
pay_97cb7665f4,ord_eeb5434fe8,cust_0368,merch_004,dev_0368,instr_6644e895a9,5853.44,INR,success,,2026-08-05T13:28:46,2026-08-05T13:28:50,2026-08-05T13:28:58
pay_20e697a470,ord_8452da05d4,cust_0108,merch_019,dev_0108,instr_623668c236,1266.71,INR,failed,insufficient_funds,2026-07-06T16:18:11,,
pay_cd19e8739e,ord_e1a0a88605,cust_0083,merch_005,dev_0083,instr_ee47e2e786,1911.5,INR,failed,timeout,2026-08-29T01:29:02,,
pay_8c849a9623,ord_bd44a699d5,cust_0093,merch_017,dev_0093,instr_0950f5a8c5,34775.59,INR,success,,2026-08-28T05:17:38,2026-08-28T05:17:41,2026-08-28T05:17:43
pay_4750f9f28b,ord_9789aa292b,cust_0111,merch_015,dev_0111,instr_5d851dd013,6449.84,INR,success,,2026-08-20T06:22:07,2026-08-20T06:22:11,2026-08-20T06:22:21
pay_12ea49f247,ord_2815dfe45e,cust_0074,merch_019,dev_0074,instr_023cf68421,3409.78,INR,success,,2026-08-23T02:15:42,2026-08-23T02:15:45,2026-08-23T02:15:53
pay_864a3c9856,ord_a18386374f,cust_0306,merch_019,dev_0306,instr_686db9b8fe,629.5,INR,failed,insufficient_funds,2026-07-17T08:04:44,,
pay_5f1530fc8b,ord_1ad0927bd1,cust_0259,merch_022,dev_0259,instr_61217e4fe9,309.39,INR,success,,2026-07-13T20:23:31,2026-07-13T20:23:36,2026-07-13T20:23:46
pay_16d57c8e61,ord_27f52e0666,cust_0020,merch_018,dev_0020,instr_a4a5d80aab,264.52,INR,success,,2026-08-20T07:42:10,2026-08-20T07:42:15,2026-08-20T07:42:16
pay_a0d30d69a1,ord_3abb6bd0a4,cust_0397,merch_022,dev_0273,instr_11bbd3295a,6981.46,INR,success,,2026-08-09T11:02:31,2026-08-09T11:02:35,2026-08-09T11:02:39
pay_83dfd8ca44,ord_039f0988a9,cust_0247,merch_025,dev_0247,instr_5641c9e23c,924.67,INR,success,,2026-08-29T10:27:31,2026-08-29T10:27:34,2026-08-29T10:27:42
pay_da61394005,ord_3529f7defd,cust_0393,merch_008,dev_0393,instr_d7f906a9f8,15185.07,INR,success,,2026-08-31T14:07:19,2026-08-31T14:07:20,2026-08-31T14:07:21
pay_8f34243be1,ord_397918997e,cust_0296,merch_017,dev_0296,instr_1bb4a997ad,110.07,INR,success,,2026-07-24T10:39:36,2026-07-24T10:39:37,2026-07-24T10:39:40
pay_b120c5f6eb,ord_36b1d7b29c,cust_0219,merch_021,dev_0219,instr_e9392b2dd2,4243.68,INR,success,,2026-08-25T13:12:53,2026-08-25T13:12:58,2026-08-25T13:13:03
pay_bb3ee964ff,ord_e52d66c3d8,cust_0349,merch_013,dev_0349,instr_be2d4a7eda,5838.9,INR,success,,2026-08-27T15:12:54,2026-08-27T15:12:59,2026-08-27T15:13:08
pay_39183230b3,ord_c65b8c8e8d,cust_0248,merch_009,dev_0248,instr_de3256d61b,33950.74,INR,success,,2026-08-12T03:42:34,2026-08-12T03:42:35,2026-08-12T03:42:39
pay_7e2eb95670,ord_34e5cf7dfb,cust_0229,merch_023,dev_0229,instr_9f4c98cc30,15810.59,INR,success,,2026-08-22T20:31:34,2026-08-22T20:31:39,2026-08-22T20:31:49
pay_986c984bb0,ord_bea803f1c7,cust_0357,merch_022,dev_0357,instr_119f394ecb,3187.75,INR,success,,2026-07-05T00:19:41,2026-07-05T00:19:45,2026-07-05T00:19:55
pay_fdd4074aa0,ord_b8691f90ad,cust_0223,merch_003,dev_0223,instr_ad2d150c80,410.48,INR,success,,2026-07-12T06:30:21,2026-07-12T06:30:25,2026-07-12T06:30:35
pay_eeb2f7b8e4,ord_dbd2cd2bb9,cust_0336,merch_017,dev_0336,instr_1b4a02ccb5,1448.94,INR,success,,2026-07-10T01:53:54,2026-07-10T01:53:58,2026-07-10T01:53:59
pay_24c04af375,ord_3f08954c47,cust_0104,merch_022,dev_0178,instr_29dc44a7a7,31689.82,INR,success,,2026-07-23T09:47:32,2026-07-23T09:47:37,2026-07-23T09:47:46
pay_775355cfdf,ord_a05d69d432,cust_0358,merch_008,dev_0358,instr_f23d99f798,8577.26,INR,success,,2026-08-08T10:15:17,2026-08-08T10:15:19,2026-08-08T10:15:21
pay_c1cf37b5cd,ord_71a46469e2,cust_0142,merch_025,dev_0142,instr_dcb5873e8b,1037.53,INR,success,,2026-08-12T20:46:09,2026-08-12T20:46:10,2026-08-12T20:46:12
pay_537ecb80ae,ord_0802edd987,cust_0282,merch_010,dev_0282,instr_8160772c10,7370.7,INR,success,,2026-08-30T02:19:51,2026-08-30T02:19:54,2026-08-30T02:19:58
pay_4182f58bc2,ord_e9dcd23211,cust_0311,merch_007,dev_0311,instr_1b319eca7a,665.54,INR,success,,2026-07-04T22:50:19,2026-07-04T22:50:24,2026-07-04T22:50:26
pay_258664de69,ord_e57f87d771,cust_0287,merch_003,dev_0287,instr_4b9379f89a,575.95,INR,success,,2026-07-15T20:39:02,2026-07-15T20:39:07,2026-07-15T20:39:12
pay_215dbdbc55,ord_7020085627,cust_0356,merch_015,dev_0356,instr_2f959111b8,33400.41,INR,success,,2026-07-28T02:52:03,2026-07-28T02:52:07,2026-07-28T02:52:15
pay_990b37f633,ord_c3ace16d25,cust_0301,merch_001,dev_0301,instr_7b93a731f3,460.95,INR,success,,2026-08-10T15:41:35,2026-08-10T15:41:37,2026-08-10T15:41:43
pay_16174f8ce7,ord_dde7554872,cust_0212,merch_012,dev_0212,instr_11b8ec988e,113.61,INR,success,,2026-07-30T01:38:57,2026-07-30T01:39:01,2026-07-30T01:39:07
pay_46da1f62a6,ord_5e551cbfb9,cust_0039,merch_018,dev_0039,instr_226eca6969,30109.11,INR,success,,2026-08-07T19:48:11,2026-08-07T19:48:14,2026-08-07T19:48:17
pay_1dea04f58f,ord_967f3d45af,cust_0383,merch_022,dev_0383,instr_2d061b8a54,19226.36,INR,success,,2026-07-23T21:15:24,2026-07-23T21:15:27,2026-07-23T21:15:31
pay_59f6531551,ord_50fa7d1ee9,cust_0118,merch_007,dev_0118,instr_95c132b803,10281.51,INR,success,,2026-08-08T01:36:14,2026-08-08T01:36:15,2026-08-08T01:36:17
pay_a10076aba2,ord_5ff2e4535f,cust_0347,merch_022,dev_0347,instr_fa0260f27d,109.27,INR,success,,2026-08-26T01:43:32,2026-08-26T01:43:35,2026-08-26T01:43:45
pay_2af949626f,ord_0a253babcc,cust_0162,merch_016,dev_0162,instr_4b6f74dde2,10750.37,INR,success,,2026-08-29T06:43:37,2026-08-29T06:43:42,2026-08-29T06:43:47
pay_a57417c49a,ord_a84e2a464e,cust_0204,merch_008,dev_0204,instr_2dee773f2c,2846.58,INR,success,,2026-08-24T13:03:08,2026-08-24T13:03:13,2026-08-24T13:03:14
pay_3524876a12,ord_03b1f2c9a9,cust_0258,merch_012,dev_0258,instr_d6e38f18f9,1060.87,INR,success,,2026-07-21T11:18:51,2026-07-21T11:18:56,2026-07-21T11:19:04
pay_6d9f9a51bf,ord_a98510a7ad,cust_0162,merch_023,dev_0162,instr_4b6f74dde2,1043.74,INR,success,,2026-08-10T08:07:52,2026-08-10T08:07:57,2026-08-10T08:08:02
pay_d6a70eab70,ord_d1cc3f9dc7,cust_0096,merch_018,dev_0096,instr_32e710c0fd,477.17,INR,success,,2026-09-02T00:35:21,2026-09-02T00:35:25,2026-09-02T00:35:32
pay_1dcc6e030b,ord_bfb25fd844,cust_0108,merch_014,dev_0108,instr_623668c236,5409.25,INR,success,,2026-08-12T09:26:54,2026-08-12T09:26:59,2026-08-12T09:27:02
pay_bb967b9960,ord_55ff247e5a,cust_0295,merch_022,dev_0295,instr_d2073c81d1,239.82,INR,success,,2026-07-30T17:01:37,2026-07-30T17:01:41,2026-07-30T17:01:45
pay_92f1e3b30c,ord_6d577c725a,cust_0075,merch_024,dev_0292,instr_67c94ece7a,1227.94,INR,success,,2026-07-21T15:31:29,2026-07-21T15:31:34,2026-07-21T15:31:43
pay_a783d0304e,ord_a9d16be5c9,cust_0369,merch_011,dev_0369,instr_9e4725adec,4650.36,INR,success,,2026-08-28T01:52:39,2026-08-28T01:52:41,2026-08-28T01:52:42
pay_29f079de96,ord_52a26c7373,cust_0111,merch_009,dev_0111,instr_5d851dd013,981.81,INR,success,,2026-08-17T04:14:15,2026-08-17T04:14:18,2026-08-17T04:14:27
pay_7bb770ec97,ord_cc88f4fb04,cust_0286,merch_009,dev_0286,instr_6cd5e0f035,676.47,INR,success,,2026-08-07T14:06:00,2026-08-07T14:06:05,2026-08-07T14:06:08
pay_7a3dd9ed7d,ord_4e3b47615d,cust_0400,merch_010,dev_0400,instr_9b1d77b52b,1042.47,INR,success,,2026-08-20T19:56:33,2026-08-20T19:56:37,2026-08-20T19:56:47
pay_a9d2b9610e,ord_2987d2e048,cust_0147,merch_015,dev_0273,instr_f2eaa2a3e7,3020.91,INR,success,,2026-07-20T18:28:45,2026-07-20T18:28:50,2026-07-20T18:29:00
pay_c2a9c41a3b,ord_aadcfb4901,cust_0208,merch_003,dev_0208,instr_18f695abc4,581.08,INR,success,,2026-08-03T22:27:58,2026-08-03T22:28:01,2026-08-03T22:28:11
pay_b3db8bff97,ord_ecf7f10b57,cust_0331,merch_013,dev_0331,instr_44e794c273,722.86,INR,success,,2026-08-08T18:14:07,2026-08-08T18:14:09,2026-08-08T18:14:10
pay_0d3246c3ca,ord_81474bc8fb,cust_0065,merch_024,dev_0065,instr_deda49ffd3,452.31,INR,success,,2026-07-12T06:33:51,2026-07-12T06:33:52,2026-07-12T06:33:54
pay_704b0ae166,ord_cb63cc0ea6,cust_0033,merch_016,dev_0033,instr_4b5cd54b8f,136.91,INR,failed,authentication_failure,2026-08-12T01:06:22,,
pay_815c66edf2,ord_e10c6b15cf,cust_0044,merch_021,dev_0044,instr_e229fa238d,26814.16,INR,success,,2026-07-26T18:26:17,2026-07-26T18:26:21,2026-07-26T18:26:24
pay_dce95cd4b2,ord_f6def24d90,cust_0068,merch_017,dev_0068,instr_8d1bd39762,1800.0,INR,success,,2026-08-08T03:30:01,2026-08-08T03:30:05,2026-08-08T03:30:14
pay_84389d82ea,ord_0b67d0f2c9,cust_0140,merch_018,dev_0140,instr_7974b4ddc4,1457.36,INR,success,,2026-08-25T20:37:52,2026-08-25T20:37:56,2026-08-25T20:38:06
pay_28078925c2,ord_1a9cb9b238,cust_0223,merch_017,dev_0223,instr_ad2d150c80,7104.73,INR,success,,2026-08-07T04:57:38,2026-08-07T04:57:39,2026-08-07T04:57:47
pay_c4748f960a,ord_0f559ab05f,cust_0158,merch_012,dev_0158,instr_55e74759bf,318.0,INR,success,,2026-07-05T12:35:48,2026-07-05T12:35:50,2026-07-05T12:35:56
pay_ee2ce7281c,ord_fb9cdb35e7,cust_0147,merch_016,dev_0273,instr_f2eaa2a3e7,1062.88,INR,success,,2026-08-21T06:17:01,2026-08-21T06:17:05,2026-08-21T06:17:10
pay_b0cf973fa0,ord_accc493d83,cust_0306,merch_008,dev_0306,instr_686db9b8fe,7256.23,INR,success,,2026-07-22T19:24:08,2026-07-22T19:24:12,2026-07-22T19:24:19
pay_6f53d27bdc,ord_d93c5ac9a6,cust_0128,merch_006,dev_0128,instr_033a3dbcf9,8282.9,INR,success,,2026-08-10T05:38:17,2026-08-10T05:38:21,2026-08-10T05:38:25
pay_9cf18ecfc5,ord_4a0eb8f9b4,cust_0265,merch_025,dev_0265,instr_832220cbe4,7938.77,INR,success,,2026-07-30T21:29:29,2026-07-30T21:29:34,2026-07-30T21:29:39
pay_d72869346c,ord_be671bceef,cust_0212,merch_007,dev_0212,instr_11b8ec988e,3415.28,INR,success,,2026-08-01T14:48:21,2026-08-01T14:48:26,2026-08-01T14:48:34
pay_0b292adba3,ord_c9d52f1820,cust_0140,merch_023,dev_0140,instr_7974b4ddc4,3471.79,INR,failed,insufficient_funds,2026-07-06T09:11:40,,
pay_0c617ebd69,ord_25e00a0a0f,cust_0096,merch_004,dev_0096,instr_32e710c0fd,275.05,INR,success,,2026-08-16T01:35:05,2026-08-16T01:35:07,2026-08-16T01:35:08
pay_66cb70236c,ord_2b1339889d,cust_0253,merch_007,dev_0253,instr_7f30b101aa,536.21,INR,success,,2026-08-21T21:20:46,2026-08-21T21:20:47,2026-08-21T21:20:53
pay_b08673d55a,ord_87120d4927,cust_0042,merch_025,dev_0042,instr_34870f6594,14129.46,INR,success,,2026-08-11T14:24:32,2026-08-11T14:24:34,2026-08-11T14:24:38
pay_14720205b2,ord_03a6f45a93,cust_0129,merch_013,dev_0129,instr_232a9d11c8,2780.6,INR,success,,2026-07-28T16:07:27,2026-07-28T16:07:31,2026-07-28T16:07:35
pay_d9c470062e,ord_ce8a45fea7,cust_0378,merch_002,dev_0378,instr_2f9607a972,1129.45,INR,success,,2026-07-13T14:56:36,2026-07-13T14:56:39,2026-07-13T14:56:45
pay_e578b8096a,ord_09e9fa74f9,cust_0082,merch_021,dev_0082,instr_e02a4baab7,9319.61,INR,success,,2026-08-26T20:36:50,2026-08-26T20:36:53,2026-08-26T20:36:57
pay_7c73e1e8b9,ord_eeeda21963,cust_0185,merch_002,dev_0191,instr_adf615071c,3786.78,INR,success,,2026-07-15T11:08:32,2026-07-15T11:08:35,2026-07-15T11:08:36
pay_45b2b832dd,ord_9067d89fd5,cust_0086,merch_009,dev_0086,instr_46749428c2,5655.99,INR,success,,2026-07-28T02:26:21,2026-07-28T02:26:26,2026-07-28T02:26:34
pay_4ae767d08c,ord_ce379bfaf6,cust_0353,merch_020,dev_0353,instr_8f96c4e517,1179.12,INR,success,,2026-07-28T15:33:53,2026-07-28T15:33:58,2026-07-28T15:34:04
pay_6f7c742788,ord_adade16ed7,cust_0389,merch_021,dev_0389,instr_1eb9ebce1d,597.72,INR,failed,timeout,2026-07-19T10:39:21,,
pay_32ba44f8e9,ord_737ac888ba,cust_0286,merch_021,dev_0286,instr_6cd5e0f035,9958.02,INR,failed,timeout,2026-08-16T02:17:20,,
pay_e77e9f8b5f,ord_0bc75539cc,cust_0371,merch_005,dev_0371,instr_05ebabc8af,155.28,INR,success,,2026-08-15T23:26:56,2026-08-15T23:27:00,2026-08-15T23:27:04
pay_aee405f06d,ord_8127087bc5,cust_0291,merch_006,dev_0291,instr_2f28cba5a3,553.15,INR,success,,2026-08-18T23:26:19,2026-08-18T23:26:24,2026-08-18T23:26:33
pay_ef3256ec4f,ord_e85dac20e0,cust_0083,merch_003,dev_0083,instr_60692b40ca,729.14,INR,success,,2026-07-30T01:38:53,2026-07-30T01:38:58,2026-07-30T01:39:05
pay_8319e2330a,ord_e6551338d8,cust_0376,merch_006,dev_0376,instr_29e5f695d5,8007.21,INR,success,,2026-08-08T20:21:24,2026-08-08T20:21:25,2026-08-08T20:21:34
pay_4c66da5518,ord_a621b6649d,cust_0199,merch_007,dev_0199,instr_461b2ff6d4,796.57,INR,success,,2026-08-27T01:00:47,2026-08-27T01:00:50,2026-08-27T01:00:57
pay_2de951a7b1,ord_f7a2f28336,cust_0329,merch_011,dev_0329,instr_2ef3343cd3,832.48,INR,success,,2026-07-10T23:22:31,2026-07-10T23:22:33,2026-07-10T23:22:36
pay_4730a1b9e6,ord_4b0955e7be,cust_0017,merch_007,dev_0017,instr_ca5c4d315b,368.26,INR,success,,2026-07-07T14:08:21,2026-07-07T14:08:26,2026-07-07T14:08:36
pay_6f005d9c93,ord_e5718a64fe,cust_0360,merch_019,dev_0360,instr_a53093c013,612.9,INR,failed,risk_block,2026-09-01T07:58:27,,
pay_f7a3c88b1e,ord_9923052d1a,cust_0336,merch_016,dev_0336,instr_1b4a02ccb5,43618.95,INR,success,,2026-08-18T22:39:24,2026-08-18T22:39:28,2026-08-18T22:39:34
pay_9d39cbd23f,ord_778334f3db,cust_0363,merch_002,dev_0363,instr_85f42a0a16,4291.06,INR,success,,2026-07-08T10:43:43,2026-07-08T10:43:44,2026-07-08T10:43:48
pay_513d5d7d2d,ord_21d3f8263b,cust_0266,merch_004,dev_0266,instr_69bd4e0aaa,423.43,INR,success,,2026-08-10T21:53:11,2026-08-10T21:53:13,2026-08-10T21:53:23
pay_0ec76f0b5a,ord_1c25b26a46,cust_0321,merch_006,dev_0321,instr_a4ad02fdfa,7360.49,INR,success,,2026-07-14T17:51:57,2026-07-14T17:52:01,2026-07-14T17:52:03
pay_4e0bccd09c,ord_23553f7b70,cust_0086,merch_006,dev_0086,instr_6d21f0191b,806.57,INR,success,,2026-07-19T20:34:40,2026-07-19T20:34:43,2026-07-19T20:34:52
pay_03b1381e26,ord_7ac252d35c,cust_0167,merch_012,dev_0167,instr_659117e20e,986.54,INR,success,,2026-08-04T21:41:42,2026-08-04T21:41:44,2026-08-04T21:41:51
pay_94ffdf5558,ord_7110562263,cust_0393,merch_018,dev_0393,instr_d7f906a9f8,21655.39,INR,success,,2026-08-17T10:10:35,2026-08-17T10:10:36,2026-08-17T10:10:37
pay_aa64ec4f8d,ord_8815048d2f,cust_0146,merch_020,dev_0146,instr_9097ce69ca,289.12,INR,success,,2026-08-02T19:20:31,2026-08-02T19:20:33,2026-08-02T19:20:37
pay_4635a43301,ord_4d99d87c02,cust_0162,merch_001,dev_0162,instr_4b6f74dde2,11405.15,INR,failed,insufficient_funds,2026-07-31T07:01:36,,
pay_12add24ea9,ord_e46ddf6cc0,cust_0080,merch_005,dev_0080,instr_7a924e7bff,1345.48,INR,success,,2026-07-28T18:12:31,2026-07-28T18:12:34,2026-07-28T18:12:36
pay_68fff9702b,ord_04741252ca,cust_0293,merch_013,dev_0293,instr_1f73229ea3,3783.09,INR,success,,2026-07-11T23:53:33,2026-07-11T23:53:35,2026-07-11T23:53:43
pay_2c8407c22a,ord_3954b019be,cust_0354,merch_023,dev_0354,instr_ec52d7965a,11030.38,INR,failed,issuer_declined,2026-08-31T06:59:21,,
pay_32aa715f57,ord_b9a43b1144,cust_0196,merch_003,dev_0196,instr_cbea0ea8ca,11179.65,INR,success,,2026-08-05T23:11:03,2026-08-05T23:11:07,2026-08-05T23:11:14
pay_c902fac4b2,ord_dd870d8a06,cust_0062,merch_025,dev_0062,instr_8a8efdbc44,1013.89,INR,success,,2026-08-31T23:27:52,2026-08-31T23:27:56,2026-08-31T23:27:57
pay_ccffbe240f,ord_24fafd1065,cust_0157,merch_017,dev_0157,instr_b35d367647,855.9,INR,success,,2026-07-19T00:32:48,2026-07-19T00:32:50,2026-07-19T00:32:53
pay_75556e0b81,ord_c9c36f0e20,cust_0026,merch_022,dev_0026,instr_ee939a3153,5625.27,INR,success,,2026-08-16T18:21:39,2026-08-16T18:21:42,2026-08-16T18:21:49
pay_34e79bfa81,ord_eb6a94dac9,cust_0076,merch_005,dev_0076,instr_14b8860afc,766.2,INR,success,,2026-07-09T06:54:11,2026-07-09T06:54:15,2026-07-09T06:54:24
pay_29a6e5f3f9,ord_6f93df5551,cust_0223,merch_025,dev_0223,instr_ad2d150c80,9501.35,INR,success,,2026-08-20T04:37:50,2026-08-20T04:37:55,2026-08-20T04:37:59
pay_69e38969b3,ord_e2a7e9c986,cust_0288,merch_020,dev_0288,instr_5589fb5aed,31921.42,INR,success,,2026-07-28T00:38:06,2026-07-28T00:38:10,2026-07-28T00:38:16
pay_3c0beccaa2,ord_4b0ec94ea6,cust_0351,merch_019,dev_0351,instr_134990f921,1040.45,INR,success,,2026-08-14T14:55:16,2026-08-14T14:55:19,2026-08-14T14:55:25
pay_e5dd20786f,ord_21b87dd04e,cust_0305,merch_021,dev_0305,instr_308a24eec0,526.75,INR,success,,2026-08-07T10:53:53,2026-08-07T10:53:57,2026-08-07T10:53:58
pay_f6afb1cb43,ord_76e71c77e2,cust_0120,merch_007,dev_0120,instr_8ad5459860,3137.91,INR,success,,2026-07-12T19:57:43,2026-07-12T19:57:45,2026-07-12T19:57:55
pay_8d61d773c8,ord_36f81c1261,cust_0076,merch_010,dev_0076,instr_14b8860afc,1071.31,INR,success,,2026-07-15T07:17:47,2026-07-15T07:17:48,2026-07-15T07:17:54
pay_b49753f414,ord_95f9de9882,cust_0108,merch_024,dev_0108,instr_623668c236,385.32,INR,success,,2026-08-24T07:17:52,2026-08-24T07:17:57,2026-08-24T07:18:00
pay_8891db8b8a,ord_7f676f7818,cust_0356,merch_023,dev_0356,instr_2f959111b8,5454.37,INR,success,,2026-08-24T15:31:51,2026-08-24T15:31:52,2026-08-24T15:31:57
pay_aed237715e,ord_2c52b4b355,cust_0103,merch_023,dev_0103,instr_880ab5395c,2057.4,INR,success,,2026-07-05T07:25:12,2026-07-05T07:25:15,2026-07-05T07:25:21
pay_620123d223,ord_73df3eaf54,cust_0056,merch_001,dev_0056,instr_7a9cc36dd0,1336.76,INR,success,,2026-08-11T00:39:51,2026-08-11T00:39:56,2026-08-11T00:39:58
pay_810bae4935,ord_96b972310f,cust_0162,merch_016,dev_0162,instr_4b6f74dde2,7081.39,INR,success,,2026-07-22T14:23:02,2026-07-22T14:23:06,2026-07-22T14:23:15
pay_675b93a01b,ord_b8bb98777a,cust_0365,merch_001,dev_0365,instr_a69f5d2a6b,1391.18,INR,success,,2026-08-03T02:31:57,2026-08-03T02:31:59,2026-08-03T02:32:00
pay_a188c8d12a,ord_099fcdd06c,cust_0178,merch_022,dev_0178,instr_5a5d398c0a,975.32,INR,success,,2026-07-27T10:23:49,2026-07-27T10:23:52,2026-07-27T10:23:59
pay_d4cda0e074,ord_2350be2aec,cust_0016,merch_018,dev_0016,instr_53db26ca85,20572.14,INR,success,,2026-08-06T16:25:10,2026-08-06T16:25:11,2026-08-06T16:25:18
pay_99c84fbfc5,ord_1ca03eff36,cust_0267,merch_022,dev_0267,instr_bd828603fd,8068.01,INR,success,,2026-07-26T13:56:44,2026-07-26T13:56:46,2026-07-26T13:56:53
pay_631914f9b7,ord_19517c9486,cust_0160,merch_020,dev_0160,instr_4386fc64c3,859.13,INR,success,,2026-07-24T13:46:45,2026-07-24T13:46:47,2026-07-24T13:46:50
pay_bd6e3484ee,ord_38fed76ca2,cust_0159,merch_023,dev_0159,instr_0e2a87c8ba,6999.96,INR,success,,2026-07-17T15:09:40,2026-07-17T15:09:42,2026-07-17T15:09:52
pay_1b7f29ccbd,ord_5b03858b4a,cust_0081,merch_011,dev_0081,instr_47bd6dcc35,846.15,INR,success,,2026-07-15T23:51:44,2026-07-15T23:51:46,2026-07-15T23:51:47
pay_96ce2e9f05,ord_e20d2798e7,cust_0392,merch_011,dev_0392,instr_725532bb61,5847.42,INR,success,,2026-08-13T10:17:09,2026-08-13T10:17:12,2026-08-13T10:17:15
pay_4d9247136b,ord_07d78a82a4,cust_0399,merch_007,dev_0399,instr_046373e8cc,358.65,INR,success,,2026-09-01T22:01:13,2026-09-01T22:01:18,2026-09-01T22:01:22
pay_56aed0fb6e,ord_6539081878,cust_0306,merch_008,dev_0306,instr_686db9b8fe,136.52,INR,failed,issuer_declined,2026-07-12T05:11:28,,
pay_a4a46dbeb1,ord_2399f6e1db,cust_0241,merch_023,dev_0241,instr_a278884a5f,3431.75,INR,success,,2026-08-11T02:50:52,2026-08-11T02:50:54,2026-08-11T02:50:58
pay_9012486969,ord_5af4cb0f32,cust_0116,merch_002,dev_0116,instr_326d50d282,1456.34,INR,success,,2026-07-30T16:48:58,2026-07-30T16:49:00,2026-07-30T16:49:04
pay_47c4febbe3,ord_e718c9f2ec,cust_0034,merch_006,dev_0034,instr_a9c9d9c951,49453.85,INR,success,,2026-09-02T09:51:09,2026-09-02T09:51:13,2026-09-02T09:51:17
pay_8fc322154d,ord_4a5af15cc5,cust_0219,merch_013,dev_0219,instr_e9392b2dd2,7883.26,INR,success,,2026-08-10T10:20:09,2026-08-10T10:20:14,2026-08-10T10:20:24
pay_9209790e47,ord_abb10a1989,cust_0275,merch_017,dev_0275,instr_7e06bb329e,8893.18,INR,success,,2026-07-08T05:44:21,2026-07-08T05:44:22,2026-07-08T05:44:26
pay_6194bfceb1,ord_1f5e6f3b32,cust_0266,merch_018,dev_0266,instr_69bd4e0aaa,1129.24,INR,success,,2026-08-27T15:32:14,2026-08-27T15:32:15,2026-08-27T15:32:19
pay_209ab7b030,ord_d606325ebd,cust_0150,merch_015,dev_0079,instr_84578e51ec,526.38,INR,success,,2026-08-01T06:13:45,2026-08-01T06:13:48,2026-08-01T06:13:58
pay_793838d3fc,ord_e70d600010,cust_0028,merch_023,dev_0028,instr_1e667573ac,299.14,INR,success,,2026-08-17T08:31:58,2026-08-17T08:31:59,2026-08-17T08:32:02
pay_4100d9bc4f,ord_9f8fee580f,cust_0399,merch_019,dev_0399,instr_046373e8cc,38452.34,INR,success,,2026-07-17T15:17:14,2026-07-17T15:17:18,2026-07-17T15:17:19
pay_83dc3e2ebd,ord_01c23ddd53,cust_0092,merch_015,dev_0092,instr_66fc4e65c8,8982.66,INR,failed,timeout,2026-07-24T02:32:08,,
pay_0ba1d3f133,ord_9fbfec4cb5,cust_0333,merch_023,dev_0333,instr_b9c92eaaf1,9042.93,INR,failed,insufficient_funds,2026-07-16T11:52:44,,
pay_2cbcf96853,ord_89de67ad2a,cust_0186,merch_003,dev_0186,instr_2b609735bd,637.72,INR,success,,2026-08-23T04:16:09,2026-08-23T04:16:13,2026-08-23T04:16:14
pay_ebafe7f365,ord_6295788542,cust_0394,merch_006,dev_0394,instr_776980baed,33488.68,INR,success,,2026-07-19T01:44:03,2026-07-19T01:44:05,2026-07-19T01:44:06
pay_5ffbc76130,ord_11df47a06d,cust_0215,merch_010,dev_0141,instr_2fa6c904c1,1176.08,INR,success,,2026-08-16T19:51:25,2026-08-16T19:51:26,2026-08-16T19:51:29
pay_95a0ee823a,ord_fc56c545fb,cust_0104,merch_001,dev_0178,instr_29dc44a7a7,4157.67,INR,success,,2026-08-18T00:42:53,2026-08-18T00:42:58,2026-08-18T00:42:59
pay_3c0e4b6232,ord_4db708e167,cust_0312,merch_016,dev_0312,instr_f7f895655b,924.41,INR,success,,2026-08-19T16:29:21,2026-08-19T16:29:22,2026-08-19T16:29:32
pay_50b3724a40,ord_2fd3005d18,cust_0308,merch_001,dev_0312,instr_1adc0d0877,866.28,INR,failed,technical_failure,2026-08-27T15:10:57,,
pay_545dba7052,ord_24c56e76e5,cust_0335,merch_012,dev_0335,instr_b74da0e4fc,1295.36,INR,success,,2026-08-29T15:03:13,2026-08-29T15:03:14,2026-08-29T15:03:15
pay_f6818e6916,ord_4fc711bbfe,cust_0056,merch_014,dev_0056,instr_7a9cc36dd0,18130.74,INR,success,,2026-08-01T02:39:16,2026-08-01T02:39:21,2026-08-01T02:39:27
pay_d83070272c,ord_89bfe49ccb,cust_0019,merch_003,dev_0019,instr_2998981fe1,4889.63,INR,success,,2026-08-10T06:59:33,2026-08-10T06:59:38,2026-08-10T06:59:40
pay_8624fbb62c,ord_768b4f5713,cust_0150,merch_016,dev_0079,instr_84578e51ec,1072.47,INR,success,,2026-07-31T03:26:29,2026-07-31T03:26:34,2026-07-31T03:26:38
pay_6f97f44f79,ord_940804a686,cust_0357,merch_007,dev_0357,instr_119f394ecb,2647.67,INR,success,,2026-08-24T20:32:05,2026-08-24T20:32:10,2026-08-24T20:32:15
pay_2dcefd4e3d,ord_a17d5b3750,cust_0219,merch_020,dev_0219,instr_e9392b2dd2,4226.43,INR,success,,2026-08-29T08:10:46,2026-08-29T08:10:51,2026-08-29T08:11:01
pay_f3a210d674,ord_c2431a97bb,cust_0255,merch_017,dev_0211,instr_525cba51c3,6726.28,INR,success,,2026-07-21T23:12:51,2026-07-21T23:12:53,2026-07-21T23:12:54
pay_ddc9fea604,ord_4f670d3c41,cust_0061,merch_001,dev_0061,instr_843a79071b,1215.43,INR,success,,2026-07-24T15:06:57,2026-07-24T15:07:00,2026-07-24T15:07:06
pay_706bad5240,ord_95bef13796,cust_0287,merch_021,dev_0287,instr_4b9379f89a,996.87,INR,success,,2026-07-31T20:14:16,2026-07-31T20:14:19,2026-07-31T20:14:24
pay_efb4d5106e,ord_5de029546b,cust_0260,merch_018,dev_0260,instr_d6852961de,108.58,INR,success,,2026-08-05T20:36:19,2026-08-05T20:36:24,2026-08-05T20:36:34
pay_446003d3a9,ord_0648ce86a5,cust_0015,merch_006,dev_0015,instr_c6a5c01e82,1267.36,INR,success,,2026-08-20T00:24:11,2026-08-20T00:24:13,2026-08-20T00:24:21
pay_f0817f6e7d,ord_6b10a7c507,cust_0080,merch_021,dev_0080,instr_7a924e7bff,1311.31,INR,success,,2026-08-06T00:51:43,2026-08-06T00:51:47,2026-08-06T00:51:48
pay_ec0452dc7b,ord_c212d30c3d,cust_0267,merch_010,dev_0267,instr_bd828603fd,8621.08,INR,success,,2026-08-27T09:39:23,2026-08-27T09:39:26,2026-08-27T09:39:32
pay_0426b956cb,ord_f652c5bf6a,cust_0034,merch_005,dev_0034,instr_a9c9d9c951,143.64,INR,success,,2026-08-09T22:22:27,2026-08-09T22:22:31,2026-08-09T22:22:34
pay_f346a8ef94,ord_35adf1e563,cust_0305,merch_004,dev_0305,instr_308a24eec0,9391.17,INR,success,,2026-08-04T00:50:12,2026-08-04T00:50:13,2026-08-04T00:50:21
pay_b2b5461d71,ord_9563cfd340,cust_0122,merch_012,dev_0122,instr_d2fecb986f,1431.02,INR,success,,2026-07-25T11:38:32,2026-07-25T11:38:35,2026-07-25T11:38:36
pay_29f35f7ae5,ord_6300681441,cust_0399,merch_007,dev_0399,instr_046373e8cc,28863.42,INR,success,,2026-07-06T22:06:08,2026-07-06T22:06:10,2026-07-06T22:06:14
pay_f4d4d5b869,ord_ea26df53be,cust_0175,merch_016,dev_0175,instr_f8265eb314,6998.09,INR,success,,2026-08-05T06:45:09,2026-08-05T06:45:10,2026-08-05T06:45:19
pay_6c3f136c75,ord_8490bc401d,cust_0347,merch_005,dev_0347,instr_fa0260f27d,151.17,INR,failed,risk_block,2026-08-11T03:08:45,,
pay_e6fb4a277e,ord_cb3aec5259,cust_0352,merch_020,dev_0352,instr_9465c67263,4999.54,INR,success,,2026-07-08T23:30:48,2026-07-08T23:30:51,2026-07-08T23:30:52
pay_d3e3bed3d5,ord_2a617f2097,cust_0296,merch_025,dev_0296,instr_1bb4a997ad,1348.99,INR,success,,2026-08-04T15:42:19,2026-08-04T15:42:22,2026-08-04T15:42:31
pay_0d6238fc76,ord_d7bccd0a0d,cust_0164,merch_025,dev_0394,instr_71eb2c1ffc,264.71,INR,success,,2026-07-18T23:56:33,2026-07-18T23:56:34,2026-07-18T23:56:44
pay_4b32429d25,ord_b4d86749a0,cust_0287,merch_017,dev_0287,instr_4b9379f89a,859.54,INR,success,,2026-08-26T20:06:53,2026-08-26T20:06:56,2026-08-26T20:07:06
pay_99ff28b518,ord_da1191a0e2,cust_0126,merch_006,dev_0141,instr_369121eeee,958.57,INR,failed,technical_failure,2026-08-06T09:19:07,,
pay_e1241fdb2a,ord_686fd5a825,cust_0346,merch_002,dev_0346,instr_99a7ab4a95,175.32,INR,success,,2026-08-14T21:44:13,2026-08-14T21:44:18,2026-08-14T21:44:28
pay_2280702099,ord_d5b2e3ac3d,cust_0323,merch_023,dev_0323,instr_f64b53f8d3,7971.31,INR,success,,2026-08-03T20:02:22,2026-08-03T20:02:27,2026-08-03T20:02:29
pay_7785c30ee3,ord_be40d8fb29,cust_0387,merch_025,dev_0387,instr_56d96579c7,284.51,INR,success,,2026-08-18T23:09:43,2026-08-18T23:09:47,2026-08-18T23:09:55
pay_3876db1e6e,ord_0efcc75a77,cust_0119,merch_008,dev_0119,instr_19a87cad85,1353.98,INR,success,,2026-07-29T13:18:23,2026-07-29T13:18:26,2026-07-29T13:18:32
pay_d12d4d3842,ord_18751f7c64,cust_0233,merch_016,dev_0233,instr_d47ac046b1,765.47,INR,success,,2026-08-07T14:54:59,2026-08-07T14:55:01,2026-08-07T14:55:06
pay_792dcf74f1,ord_501e804fc1,cust_0394,merch_012,dev_0394,instr_776980baed,2837.64,INR,success,,2026-07-14T11:50:57,2026-07-14T11:50:58,2026-07-14T11:51:04
pay_d3a72993a2,ord_481218f682,cust_0285,merch_021,dev_0285,instr_cb2f28b794,522.97,INR,success,,2026-08-18T06:08:57,2026-08-18T06:08:59,2026-08-18T06:09:09
pay_8374817c79,ord_bf7ca30170,cust_0125,merch_018,dev_0125,instr_dbc66ade92,775.32,INR,success,,2026-07-10T21:55:50,2026-07-10T21:55:55,2026-07-10T21:56:02
pay_6255996b70,ord_d1a603c306,cust_0223,merch_019,dev_0223,instr_ad2d150c80,7217.53,INR,success,,2026-07-27T10:16:46,2026-07-27T10:16:47,2026-07-27T10:16:57
pay_d896c3fccf,ord_5c0b5d24df,cust_0250,merch_004,dev_0141,instr_e3d26852ae,6360.54,INR,success,,2026-08-27T09:26:53,2026-08-27T09:26:55,2026-08-27T09:27:00
pay_805361ad2c,ord_81b0010888,cust_0208,merch_003,dev_0208,instr_18f695abc4,8697.84,INR,success,,2026-08-31T09:43:31,2026-08-31T09:43:32,2026-08-31T09:43:34
pay_d4e7664016,ord_5e444e05c1,cust_0112,merch_005,dev_0112,instr_9b814e089c,10984.19,INR,success,,2026-07-04T12:25:46,2026-07-04T12:25:50,2026-07-04T12:25:59
pay_3ec84ab83c,ord_a3c2b82cb3,cust_0150,merch_013,dev_0079,instr_84578e51ec,6195.18,INR,success,,2026-07-24T11:13:35,2026-07-24T11:13:38,2026-07-24T11:13:45
pay_67afa1b0f6,ord_a465457634,cust_0368,merch_012,dev_0368,instr_43caf33071,34143.63,INR,success,,2026-09-01T20:52:36,2026-09-01T20:52:39,2026-09-01T20:52:40
pay_c3c4cbce24,ord_df4b488ed8,cust_0190,merch_018,dev_0190,instr_7d1f71ba8c,12032.05,INR,failed,timeout,2026-08-27T20:57:54,,
pay_5759c2bc37,ord_81402636e2,cust_0016,merch_008,dev_0016,instr_53db26ca85,926.23,INR,success,,2026-08-04T09:17:25,2026-08-04T09:17:29,2026-08-04T09:17:38
pay_7ab4c1c29f,ord_3b95ef65a7,cust_0109,merch_022,dev_0109,instr_5bdc107943,294.7,INR,success,,2026-08-27T10:13:33,2026-08-27T10:13:36,2026-08-27T10:13:43
pay_c8f5006349,ord_635605b02b,cust_0079,merch_010,dev_0079,instr_efa00f6bbf,37462.51,INR,failed,technical_failure,2026-07-17T12:53:20,,
pay_2befc2d128,ord_9b9abc8803,cust_0370,merch_016,dev_0370,instr_5c9094f73a,11737.24,INR,failed,issuer_declined,2026-07-17T16:22:49,,
pay_814a861a73,ord_2f0e8378ee,cust_0234,merch_023,dev_0234,instr_d48d4bd0e6,5969.89,INR,success,,2026-07-21T22:57:29,2026-07-21T22:57:34,2026-07-21T22:57:42
pay_5d0ac99637,ord_5d08940888,cust_0197,merch_012,dev_0197,instr_94c095d0f4,694.68,INR,success,,2026-07-05T05:18:47,2026-07-05T05:18:49,2026-07-05T05:18:58
pay_a26fca914a,ord_096cc1284f,cust_0138,merch_014,dev_0138,instr_49feb9ee08,33901.39,INR,success,,2026-07-07T17:58:18,2026-07-07T17:58:21,2026-07-07T17:58:23
pay_2cb359a110,ord_8ddca0d670,cust_0298,merch_016,dev_0298,instr_ff72681380,15042.4,INR,success,,2026-08-24T14:37:10,2026-08-24T14:37:11,2026-08-24T14:37:20
pay_1f30a8cba0,ord_595aa0aa41,cust_0313,merch_003,dev_0313,instr_2a5be053cd,982.93,INR,success,,2026-07-12T01:56:38,2026-07-12T01:56:41,2026-07-12T01:56:50
pay_2d7398d82c,ord_a75043671b,cust_0399,merch_001,dev_0399,instr_046373e8cc,817.73,INR,success,,2026-08-19T01:23:26,2026-08-19T01:23:29,2026-08-19T01:23:34
pay_7fe0e29df3,ord_e39ce7eb63,cust_0086,merch_002,dev_0086,instr_6d21f0191b,7775.18,INR,failed,insufficient_funds,2026-08-03T00:32:11,,
pay_900bb769c2,ord_fe11caa1b3,cust_0087,merch_019,dev_0087,instr_ccfa7011f4,1486.51,INR,success,,2026-07-07T03:36:32,2026-07-07T03:36:34,2026-07-07T03:36:43
pay_2b08c74d64,ord_998f1aac7c,cust_0040,merch_009,dev_0040,instr_58d8bdd17b,962.12,INR,failed,technical_failure,2026-07-31T05:18:08,,
pay_cef90f8e30,ord_2ff4e4a070,cust_0090,merch_019,dev_0090,instr_4a78180810,8421.13,INR,success,,2026-08-09T09:37:08,2026-08-09T09:37:10,2026-08-09T09:37:18
pay_075f33038c,ord_449b72f734,cust_0093,merch_017,dev_0093,instr_0950f5a8c5,5099.9,INR,success,,2026-07-12T16:40:10,2026-07-12T16:40:12,2026-07-12T16:40:20
pay_c2fa0712ee,ord_370af59815,cust_0386,merch_014,dev_0386,instr_12f81ae755,3998.45,INR,success,,2026-08-16T05:42:19,2026-08-16T05:42:22,2026-08-16T05:42:23
pay_17e12b307c,ord_9f2bff8eb6,cust_0329,merch_009,dev_0329,instr_2ef3343cd3,2717.94,INR,success,,2026-07-20T18:32:14,2026-07-20T18:32:17,2026-07-20T18:32:25
pay_2e7e75ccb7,ord_965e744944,cust_0383,merch_025,dev_0383,instr_2d061b8a54,20879.13,INR,success,,2026-08-11T08:55:48,2026-08-11T08:55:53,2026-08-11T08:56:00
pay_4dce3f0181,ord_4bbcc3e1ec,cust_0007,merch_010,dev_0007,instr_b8a0b47765,29055.18,INR,failed,insufficient_funds,2026-08-04T03:36:28,,
pay_3e90403819,ord_51d6fa90de,cust_0182,merch_014,dev_0182,instr_8119872294,8346.69,INR,success,,2026-07-30T23:10:55,2026-07-30T23:10:56,2026-07-30T23:11:01
pay_3dc8925444,ord_21c50eadea,cust_0336,merch_019,dev_0336,instr_1b4a02ccb5,1182.41,INR,success,,2026-07-27T23:25:39,2026-07-27T23:25:41,2026-07-27T23:25:47
pay_ef61d3cef1,ord_7e5307ec57,cust_0281,merch_001,dev_0281,instr_a5a437c6b4,10232.74,INR,failed,technical_failure,2026-07-05T15:52:19,,
pay_4ea898f1e8,ord_d0a4cacd71,cust_0229,merch_012,dev_0229,instr_120c49a4c1,496.62,INR,failed,technical_failure,2026-07-23T05:54:28,,
pay_3d83fe4110,ord_8910b589bc,cust_0305,merch_022,dev_0305,instr_308a24eec0,3776.66,INR,success,,2026-08-31T16:40:05,2026-08-31T16:40:06,2026-08-31T16:40:08
pay_773ef4171c,ord_fd6c639459,cust_0310,merch_005,dev_0310,instr_b184016597,1169.4,INR,success,,2026-08-28T11:02:09,2026-08-28T11:02:11,2026-08-28T11:02:16
pay_7b39308af0,ord_8d84f2b9a2,cust_0151,merch_015,dev_0151,instr_502cbc92ab,2295.0,INR,success,,2026-08-17T12:36:01,2026-08-17T12:36:04,2026-08-17T12:36:09
pay_e8e5f3a4bb,ord_7f5b52aaea,cust_0083,merch_025,dev_0083,instr_60692b40ca,1187.95,INR,success,,2026-08-10T15:59:10,2026-08-10T15:59:11,2026-08-10T15:59:16
pay_0390cfff49,ord_88afece75a,cust_0136,merch_006,dev_0136,instr_1f768a0aaa,788.41,INR,success,,2026-07-23T23:35:34,2026-07-23T23:35:38,2026-07-23T23:35:40
pay_9bd8335663,ord_1dcee02289,cust_0074,merch_018,dev_0074,instr_023cf68421,3793.06,INR,success,,2026-07-14T19:34:47,2026-07-14T19:34:48,2026-07-14T19:34:49
pay_1ad01dc84f,ord_7929b359b3,cust_0038,merch_003,dev_0038,instr_862a90d151,4131.26,INR,success,,2026-08-16T18:58:49,2026-08-16T18:58:51,2026-08-16T18:58:52
pay_2de29b6d3c,ord_0c95fab644,cust_0020,merch_022,dev_0020,instr_a4a5d80aab,312.25,INR,success,,2026-08-05T12:33:41,2026-08-05T12:33:46,2026-08-05T12:33:54
pay_d3a8bc22d7,ord_0aebb23dbd,cust_0245,merch_014,dev_0082,instr_a307627e0e,1118.87,INR,failed,expired,2026-07-11T07:20:38,,
pay_474b9f0544,ord_bf076ef28b,cust_0400,merch_016,dev_0400,instr_9b1d77b52b,849.43,INR,success,,2026-08-08T08:20:25,2026-08-08T08:20:29,2026-08-08T08:20:30
pay_740404dbe6,ord_8775570541,cust_0324,merch_021,dev_0324,instr_edd370b623,848.48,INR,success,,2026-08-06T12:24:13,2026-08-06T12:24:16,2026-08-06T12:24:20
pay_0d6ff864f6,ord_3232aedbd7,cust_0091,merch_018,dev_0091,instr_8dce283a6f,637.83,INR,success,,2026-07-23T01:04:10,2026-07-23T01:04:11,2026-07-23T01:04:17
pay_a537f2a052,ord_baf07187a4,cust_0250,merch_003,dev_0141,instr_e3d26852ae,6098.83,INR,failed,technical_failure,2026-07-22T21:29:03,,
pay_a4104bd4b5,ord_2601ea1384,cust_0304,merch_008,dev_0304,instr_5a724de6a7,188.19,INR,success,,2026-08-25T23:34:39,2026-08-25T23:34:43,2026-08-25T23:34:44
pay_dd0498fdd8,ord_61762cc95a,cust_0019,merch_011,dev_0019,instr_2998981fe1,1202.89,INR,failed,issuer_declined,2026-07-08T15:45:54,,
pay_5bca216b94,ord_ae7f89e305,cust_0342,merch_017,dev_0342,instr_253fa0f1a1,1049.31,INR,success,,2026-08-25T14:16:43,2026-08-25T14:16:45,2026-08-25T14:16:47
pay_1eb823e3c3,ord_4f1071f643,cust_0019,merch_024,dev_0019,instr_2998981fe1,1015.36,INR,success,,2026-08-19T06:01:16,2026-08-19T06:01:18,2026-08-19T06:01:19
pay_2223063e45,ord_ada4fba939,cust_0089,merch_021,dev_0089,instr_60a6b359c3,530.27,INR,success,,2026-07-13T22:42:26,2026-07-13T22:42:31,2026-07-13T22:42:33
pay_9b2fb59da2,ord_ffd3395b46,cust_0055,merch_004,dev_0055,instr_53f2e1f33c,1218.85,INR,success,,2026-07-25T21:58:16,2026-07-25T21:58:20,2026-07-25T21:58:26
pay_d02b3d7345,ord_eeffed56cb,cust_0378,merch_022,dev_0378,instr_2f9607a972,269.12,INR,success,,2026-08-29T10:06:01,2026-08-29T10:06:03,2026-08-29T10:06:04
pay_efa082a9e4,ord_7408411e9a,cust_0304,merch_006,dev_0304,instr_5a724de6a7,269.04,INR,success,,2026-07-18T05:06:20,2026-07-18T05:06:23,2026-07-18T05:06:32
pay_f5049ed38f,ord_e72df00d9c,cust_0085,merch_015,dev_0085,instr_0c957b2543,914.78,INR,success,,2026-07-17T10:46:36,2026-07-17T10:46:41,2026-07-17T10:46:48
pay_c717d04078,ord_df07d7b623,cust_0399,merch_006,dev_0399,instr_94fff5f486,781.75,INR,success,,2026-07-05T02:47:44,2026-07-05T02:47:45,2026-07-05T02:47:55
pay_a588cbd2f2,ord_e793694a10,cust_0146,merch_014,dev_0146,instr_9097ce69ca,9818.53,INR,success,,2026-08-19T17:11:22,2026-08-19T17:11:25,2026-08-19T17:11:34
pay_05688103f2,ord_4c55fc9a77,cust_0231,merch_014,dev_0231,instr_b41f4ef099,344.37,INR,success,,2026-07-08T03:39:49,2026-07-08T03:39:54,2026-07-08T03:39:56
pay_eab6e015d4,ord_d21a71ea98,cust_0322,merch_010,dev_0394,instr_8ac58fe007,106.4,INR,failed,insufficient_funds,2026-07-27T09:04:43,,
pay_e402c6700f,ord_d8bf4466a5,cust_0049,merch_020,dev_0049,instr_e5ad60b74d,1165.58,INR,success,,2026-08-25T21:38:43,2026-08-25T21:38:45,2026-08-25T21:38:50
pay_7ab98c2cde,ord_a99eb60c4c,cust_0028,merch_007,dev_0028,instr_1e667573ac,308.9,INR,success,,2026-08-19T13:27:43,2026-08-19T13:27:44,2026-08-19T13:27:45
pay_4fde4f1668,ord_9eb74be701,cust_0331,merch_012,dev_0331,instr_44e794c273,708.54,INR,failed,authentication_failure,2026-08-05T22:57:46,,
pay_ab3d75e707,ord_6274cd1505,cust_0276,merch_006,dev_0184,instr_470c4882ab,140.69,INR,failed,timeout,2026-08-23T11:48:45,,
pay_508917a331,ord_9cda7179dc,cust_0228,merch_019,dev_0228,instr_ee405bf8fe,5900.2,INR,success,,2026-08-05T02:54:03,2026-08-05T02:54:06,2026-08-05T02:54:10
pay_a556fc84b8,ord_fc2f0b72ac,cust_0051,merch_008,dev_0051,instr_5f5728a0bb,10633.81,INR,failed,insufficient_funds,2026-08-09T23:03:13,,
pay_94b1248528,ord_e8443e243d,cust_0028,merch_014,dev_0028,instr_1e667573ac,1399.04,INR,success,,2026-08-17T16:12:20,2026-08-17T16:12:22,2026-08-17T16:12:30
pay_62483004d4,ord_bb8cc0f8f9,cust_0369,merch_007,dev_0369,instr_9e4725adec,11743.34,INR,failed,authentication_failure,2026-07-24T03:11:07,,
pay_a7e4ca3b7c,ord_d7d6d0c77f,cust_0031,merch_009,dev_0031,instr_571e5c6e60,1292.31,INR,success,,2026-08-18T00:33:58,2026-08-18T00:34:01,2026-08-18T00:34:05
pay_abc3e4204a,ord_88fcffa0f7,cust_0152,merch_020,dev_0152,instr_2e351d7879,1212.39,INR,success,,2026-09-01T20:57:49,2026-09-01T20:57:54,2026-09-01T20:57:58
pay_3e7c135628,ord_94012c3b61,cust_0045,merch_014,dev_0045,instr_9d0b0e733d,6636.74,INR,success,,2026-07-25T12:20:52,2026-07-25T12:20:55,2026-07-25T12:20:56
pay_67ba86f81f,ord_a04724367d,cust_0374,merch_014,dev_0374,instr_787576ae93,4089.87,INR,success,,2026-08-05T06:39:17,2026-08-05T06:39:22,2026-08-05T06:39:25
pay_1857c70550,ord_25c7acd119,cust_0294,merch_001,dev_0294,instr_d53c37a8a1,161.91,INR,success,,2026-08-19T04:42:00,2026-08-19T04:42:04,2026-08-19T04:42:12
pay_a22a51ee7f,ord_a1ca862235,cust_0357,merch_004,dev_0357,instr_119f394ecb,436.72,INR,success,,2026-08-27T17:22:08,2026-08-27T17:22:12,2026-08-27T17:22:16
pay_0d6b52557b,ord_794f563ad6,cust_0068,merch_012,dev_0068,instr_239eeba312,1006.7,INR,success,,2026-07-13T07:24:54,2026-07-13T07:24:57,2026-07-13T07:25:00
pay_a4e806c366,ord_e3db874455,cust_0361,merch_015,dev_0361,instr_81ecee7a5c,9346.51,INR,success,,2026-07-06T20:53:15,2026-07-06T20:53:17,2026-07-06T20:53:24
pay_4fb8462c49,ord_f68e73cd4c,cust_0095,merch_012,dev_0095,instr_7558e983cb,8890.97,INR,success,,2026-07-04T15:10:39,2026-07-04T15:10:42,2026-07-04T15:10:51
pay_2dc64ab3c1,ord_7f0cdfab73,cust_0017,merch_010,dev_0017,instr_ca5c4d315b,477.71,INR,success,,2026-09-01T23:13:52,2026-09-01T23:13:53,2026-09-01T23:14:03
pay_f5a1effbec,ord_ce1f3a0a2d,cust_0172,merch_024,dev_0172,instr_c13daf044a,31559.99,INR,failed,timeout,2026-08-08T20:09:33,,
pay_cef076b8b9,ord_8d04d77a85,cust_0317,merch_002,dev_0317,instr_f4a639ef3e,345.37,INR,success,,2026-08-27T18:04:34,2026-08-27T18:04:36,2026-08-27T18:04:39
pay_f4842ff549,ord_5a1a6f6521,cust_0172,merch_008,dev_0172,instr_c13daf044a,1008.65,INR,success,,2026-08-29T19:46:34,2026-08-29T19:46:36,2026-08-29T19:46:42
pay_22209a4ee6,ord_b29f301036,cust_0181,merch_009,dev_0181,instr_711c4881e7,692.1,INR,success,,2026-07-09T18:54:03,2026-07-09T18:54:07,2026-07-09T18:54:15
pay_b4f1a69bf6,ord_26e7a3f0d6,cust_0257,merch_017,dev_0257,instr_a7e8ce7ead,6436.72,INR,success,,2026-08-25T03:25:38,2026-08-25T03:25:41,2026-08-25T03:25:43
pay_a76b51ed75,ord_b010eb016f,cust_0097,merch_015,dev_0097,instr_cdf0540586,646.96,INR,success,,2026-07-21T20:39:42,2026-07-21T20:39:43,2026-07-21T20:39:45
pay_82313b22e6,ord_7ce4a5e0e9,cust_0085,merch_009,dev_0085,instr_0c957b2543,307.14,INR,success,,2026-07-19T02:41:09,2026-07-19T02:41:10,2026-07-19T02:41:15
pay_e8c195d7fa,ord_6ec512f252,cust_0214,merch_022,dev_0214,instr_0d4e8f88a7,284.84,INR,success,,2026-08-07T03:52:12,2026-08-07T03:52:13,2026-08-07T03:52:18
pay_8406d90728,ord_577aea6d4f,cust_0097,merch_003,dev_0097,instr_cdf0540586,1222.78,INR,success,,2026-08-23T22:48:12,2026-08-23T22:48:15,2026-08-23T22:48:21
pay_5995c2f72a,ord_dc3931442a,cust_0249,merch_019,dev_0249,instr_a53973f3dc,7066.75,INR,success,,2026-08-26T18:01:29,2026-08-26T18:01:34,2026-08-26T18:01:37
pay_b4ba177376,ord_29246c01bd,cust_0157,merch_006,dev_0157,instr_b35d367647,3881.21,INR,success,,2026-08-09T14:35:42,2026-08-09T14:35:43,2026-08-09T14:35:46
pay_d682856cc1,ord_8be5e58b02,cust_0181,merch_010,dev_0181,instr_711c4881e7,332.91,INR,success,,2026-07-20T02:40:03,2026-07-20T02:40:05,2026-07-20T02:40:08
pay_2b94d14e9d,ord_997555ddcc,cust_0083,merch_008,dev_0083,instr_ee47e2e786,1491.28,INR,success,,2026-08-29T06:44:26,2026-08-29T06:44:29,2026-08-29T06:44:32
pay_42216aa38a,ord_c0a2e206be,cust_0106,merch_018,dev_0106,instr_fc19afd1ae,8488.31,INR,success,,2026-08-06T21:13:17,2026-08-06T21:13:22,2026-08-06T21:13:25
pay_0387f84e2b,ord_958345fa6d,cust_0274,merch_010,dev_0274,instr_1b38863452,134.9,INR,success,,2026-08-21T23:43:32,2026-08-21T23:43:35,2026-08-21T23:43:38
pay_6376c0f809,ord_4d26e7afd1,cust_0003,merch_024,dev_0003,instr_aac39f3f7b,810.37,INR,success,,2026-08-02T04:41:50,2026-08-02T04:41:55,2026-08-02T04:41:58
pay_5f13f2607d,ord_2cacd7e581,cust_0290,merch_024,dev_0290,instr_b8b97af6d4,28800.01,INR,success,,2026-07-15T09:42:51,2026-07-15T09:42:53,2026-07-15T09:43:02
pay_34aa02e50b,ord_026a47ca22,cust_0060,merch_010,dev_0060,instr_ac5c2df367,964.53,INR,success,,2026-07-25T21:29:13,2026-07-25T21:29:16,2026-07-25T21:29:17
pay_a952939292,ord_e6e241ae21,cust_0312,merch_021,dev_0312,instr_f7f895655b,837.01,INR,failed,insufficient_funds,2026-07-31T11:37:02,,
pay_5319c884d0,ord_4cfa460965,cust_0229,merch_022,dev_0229,instr_9f4c98cc30,2417.46,INR,success,,2026-08-23T04:33:04,2026-08-23T04:33:07,2026-08-23T04:33:17
pay_c759363358,ord_8b7b09be0f,cust_0310,merch_017,dev_0310,instr_b184016597,46520.98,INR,failed,issuer_declined,2026-08-08T13:20:31,,
pay_4c6d74cb82,ord_7e9a1520e4,cust_0190,merch_013,dev_0190,instr_7d1f71ba8c,498.51,INR,success,,2026-08-07T14:42:59,2026-08-07T14:43:04,2026-08-07T14:43:06
pay_fd3fd7af96,ord_cfee3db0d2,cust_0111,merch_024,dev_0111,instr_5d851dd013,9286.04,INR,success,,2026-08-13T20:26:27,2026-08-13T20:26:31,2026-08-13T20:26:38
pay_7133226252,ord_1a1713ef3f,cust_0072,merch_019,dev_0072,instr_0bc8278de2,3008.21,INR,success,,2026-08-02T22:34:47,2026-08-02T22:34:52,2026-08-02T22:34:58
pay_7c094e0522,ord_1ca40c6ff3,cust_0034,merch_019,dev_0034,instr_a9c9d9c951,2428.71,INR,success,,2026-08-13T06:06:44,2026-08-13T06:06:49,2026-08-13T06:06:57
pay_0ab442e960,ord_2461c24618,cust_0364,merch_019,dev_0364,instr_ab8e7f0671,2937.73,INR,success,,2026-07-22T13:25:34,2026-07-22T13:25:38,2026-07-22T13:25:39
pay_02d7d36ea4,ord_c1618c7b1d,cust_0155,merch_019,dev_0155,instr_6b7d0e205e,882.99,INR,failed,technical_failure,2026-08-18T11:55:15,,
pay_3efc0d4b3e,ord_6c91de5409,cust_0135,merch_010,dev_0135,instr_bbef7f6559,43701.24,INR,success,,2026-08-19T09:06:02,2026-08-19T09:06:05,2026-08-19T09:06:12
pay_a5f407363b,ord_3bcc2c8d2d,cust_0092,merch_016,dev_0092,instr_c840a882fe,36501.86,INR,success,,2026-07-07T06:16:33,2026-07-07T06:16:37,2026-07-07T06:16:39
pay_bed5221025,ord_a8bd223825,cust_0307,merch_024,dev_0307,instr_03736f88de,772.68,INR,success,,2026-08-15T20:06:47,2026-08-15T20:06:51,2026-08-15T20:06:53
pay_71dc21641a,ord_d41bf99bd5,cust_0192,merch_017,dev_0192,instr_1a775c479f,1684.22,INR,success,,2026-07-29T16:45:55,2026-07-29T16:45:57,2026-07-29T16:46:03
pay_4d95e70919,ord_a872eab88c,cust_0237,merch_023,dev_0237,instr_a4c0a66c5b,328.63,INR,success,,2026-07-30T23:22:04,2026-07-30T23:22:07,2026-07-30T23:22:08
pay_220e74f667,ord_5c2adec771,cust_0149,merch_010,dev_0149,instr_95d0247375,1410.84,INR,success,,2026-08-23T09:23:44,2026-08-23T09:23:46,2026-08-23T09:23:48
pay_59f9b47c38,ord_5a3d1a0675,cust_0307,merch_025,dev_0307,instr_03736f88de,551.65,INR,success,,2026-08-04T04:49:25,2026-08-04T04:49:28,2026-08-04T04:49:30
pay_cf166a2b0a,ord_a48ecc0d40,cust_0274,merch_019,dev_0274,instr_1b38863452,301.2,INR,success,,2026-07-17T19:06:55,2026-07-17T19:06:59,2026-07-17T19:07:06
pay_6153b1bff3,ord_a4ed20c658,cust_0175,merch_006,dev_0175,instr_f8265eb314,316.38,INR,success,,2026-07-25T23:13:54,2026-07-25T23:13:59,2026-07-25T23:14:09
pay_f397d018b0,ord_16c1151ccd,cust_0354,merch_017,dev_0354,instr_ec52d7965a,8981.74,INR,success,,2026-07-15T13:33:42,2026-07-15T13:33:43,2026-07-15T13:33:45
pay_4e3b3c61ab,ord_c86c2a657a,cust_0068,merch_001,dev_0068,instr_239eeba312,536.2,INR,success,,2026-08-08T16:50:45,2026-08-08T16:50:50,2026-08-08T16:50:59
pay_a6f3f4d057,ord_0918082089,cust_0391,merch_011,dev_0391,instr_1a0db7db25,526.56,INR,failed,authentication_failure,2026-07-16T00:21:02,,
pay_40c2ffd9eb,ord_04f7e9de98,cust_0353,merch_008,dev_0353,instr_8f96c4e517,393.78,INR,success,,2026-07-12T03:09:46,2026-07-12T03:09:47,2026-07-12T03:09:49
pay_a05ad8f492,ord_c4b8fe7f4a,cust_0010,merch_025,dev_0010,instr_d1cda0d663,703.75,INR,failed,authentication_failure,2026-07-23T13:31:51,,
pay_4ae3958685,ord_77f4f59aec,cust_0304,merch_002,dev_0304,instr_4f55fb4721,1371.94,INR,success,,2026-07-08T16:51:11,2026-07-08T16:51:12,2026-07-08T16:51:14
pay_ad252ae33b,ord_2d87e8cda9,cust_0064,merch_020,dev_0064,instr_39b5f4c39d,1361.64,INR,failed,technical_failure,2026-07-22T10:34:22,,
pay_37a4591794,ord_1c9c7f31e9,cust_0383,merch_009,dev_0383,instr_2d061b8a54,25217.79,INR,success,,2026-07-20T02:07:32,2026-07-20T02:07:33,2026-07-20T02:07:35
pay_f61855423f,ord_57a1619263,cust_0297,merch_025,dev_0297,instr_458a4e2136,403.8,INR,success,,2026-07-23T02:20:17,2026-07-23T02:20:22,2026-07-23T02:20:23
pay_9045668601,ord_2a88f5cdcb,cust_0372,merch_004,dev_0372,instr_8f31c8289f,46978.13,INR,success,,2026-08-19T14:10:02,2026-08-19T14:10:04,2026-08-19T14:10:12
pay_efc0d63595,ord_7161f1e827,cust_0345,merch_004,dev_0345,instr_b854d72dd1,596.75,INR,success,,2026-08-10T08:34:01,2026-08-10T08:34:03,2026-08-10T08:34:10
pay_520e7f537e,ord_ed2115520c,cust_0058,merch_025,dev_0058,instr_dc30b296b3,16697.39,INR,success,,2026-07-15T05:03:19,2026-07-15T05:03:22,2026-07-15T05:03:27
pay_a70bc1be41,ord_aec00bf824,cust_0286,merch_024,dev_0286,instr_bd7cb25007,559.36,INR,success,,2026-07-15T17:39:11,2026-07-15T17:39:16,2026-07-15T17:39:21
pay_a8fc7aa623,ord_27501208d8,cust_0352,merch_015,dev_0352,instr_9465c67263,670.2,INR,success,,2026-08-15T01:13:22,2026-08-15T01:13:26,2026-08-15T01:13:32
pay_2237225e52,ord_af298aac38,cust_0092,merch_001,dev_0092,instr_66fc4e65c8,30682.64,INR,success,,2026-07-14T17:04:05,2026-07-14T17:04:06,2026-07-14T17:04:08
pay_9f867c1140,ord_4824471536,cust_0074,merch_013,dev_0074,instr_023cf68421,926.78,INR,failed,expired,2026-07-14T09:01:47,,
pay_6a12fbce46,ord_8350c26649,cust_0174,merch_007,dev_0174,instr_d528354e0f,11901.94,INR,success,,2026-07-16T10:03:23,2026-07-16T10:03:27,2026-07-16T10:03:32
pay_d9265df8ae,ord_486fcb7892,cust_0392,merch_023,dev_0392,instr_725532bb61,7733.32,INR,success,,2026-08-12T08:36:58,2026-08-12T08:37:03,2026-08-12T08:37:10
pay_6f86c82f69,ord_d5e6636ba5,cust_0249,merch_017,dev_0249,instr_a53973f3dc,1175.2,INR,success,,2026-07-14T23:44:37,2026-07-14T23:44:41,2026-07-14T23:44:45
pay_070ac0e14a,ord_f22bba9420,cust_0322,merch_005,dev_0394,instr_8ac58fe007,1132.92,INR,success,,2026-07-11T02:59:03,2026-07-11T02:59:05,2026-07-11T02:59:12
pay_b8504f7bb0,ord_e9078bbbe2,cust_0310,merch_022,dev_0310,instr_b184016597,523.85,INR,success,,2026-07-13T20:28:25,2026-07-13T20:28:30,2026-07-13T20:28:38
pay_2044bd0da7,ord_af2e056af5,cust_0239,merch_007,dev_0239,instr_23f292b00e,797.06,INR,success,,2026-08-22T12:15:25,2026-08-22T12:15:30,2026-08-22T12:15:39
pay_0254ae5e49,ord_92ea4256ee,cust_0010,merch_025,dev_0010,instr_d1cda0d663,702.57,INR,success,,2026-07-16T01:36:09,2026-07-16T01:36:13,2026-07-16T01:36:21
pay_0597c871f5,ord_367ec5b8b6,cust_0236,merch_002,dev_0236,instr_59e89baa7f,879.33,INR,success,,2026-08-02T22:08:42,2026-08-02T22:08:44,2026-08-02T22:08:49
pay_3d6f500433,ord_9b4a1641d5,cust_0367,merch_013,dev_0079,instr_7f8f42a286,253.13,INR,success,,2026-08-21T03:04:22,2026-08-21T03:04:24,2026-08-21T03:04:33
pay_a8603a46c9,ord_e620c4a0fd,cust_0029,merch_013,dev_0029,instr_fd387238eb,927.46,INR,success,,2026-08-10T04:19:56,2026-08-10T04:19:59,2026-08-10T04:20:05
pay_6e25b5ce7e,ord_e9427f8b39,cust_0032,merch_001,dev_0032,instr_9240a0836d,2846.08,INR,success,,2026-08-09T01:47:50,2026-08-09T01:47:55,2026-08-09T01:47:56
pay_18f0a6bbb2,ord_20a273439b,cust_0392,merch_021,dev_0392,instr_725532bb61,236.29,INR,success,,2026-08-07T00:14:29,2026-08-07T00:14:30,2026-08-07T00:14:34
pay_130498b685,ord_f4aaeec87b,cust_0127,merch_008,dev_0127,instr_1704f27af6,7721.58,INR,failed,technical_failure,2026-07-10T20:37:35,,
pay_986fddf7cd,ord_b591be4602,cust_0276,merch_011,dev_0184,instr_470c4882ab,1020.87,INR,success,,2026-08-14T12:26:00,2026-08-14T12:26:04,2026-08-14T12:26:14
pay_fd2f16f205,ord_380dcbafea,cust_0012,merch_011,dev_0012,instr_16183de5c2,646.42,INR,success,,2026-08-29T02:06:42,2026-08-29T02:06:43,2026-08-29T02:06:47
pay_3302a5ad5f,ord_6f073b9021,cust_0173,merch_016,dev_0173,instr_0883157c0f,1170.87,INR,success,,2026-08-06T11:11:03,2026-08-06T11:11:06,2026-08-06T11:11:13
pay_070b817b82,ord_8bfdb217c1,cust_0104,merch_016,dev_0178,instr_29dc44a7a7,11728.13,INR,success,,2026-07-11T19:30:39,2026-07-11T19:30:40,2026-07-11T19:30:45
pay_864e9d139b,ord_9ab75a2cc8,cust_0294,merch_013,dev_0294,instr_d53c37a8a1,8058.01,INR,success,,2026-07-13T10:16:38,2026-07-13T10:16:41,2026-07-13T10:16:43
pay_f39f2cd190,ord_f2ab5a9e47,cust_0291,merch_017,dev_0291,instr_2f28cba5a3,393.63,INR,success,,2026-07-11T22:38:04,2026-07-11T22:38:07,2026-07-11T22:38:14
pay_956f20645c,ord_0a56a782cd,cust_0340,merch_018,dev_0340,instr_57f235fd02,680.04,INR,success,,2026-07-28T21:29:21,2026-07-28T21:29:26,2026-07-28T21:29:29
pay_a4e084ef76,ord_7a32ce3b22,cust_0010,merch_021,dev_0010,instr_d1cda0d663,10558.45,INR,success,,2026-08-29T12:08:32,2026-08-29T12:08:36,2026-08-29T12:08:41
pay_b7546d5ec2,ord_06885c0e04,cust_0327,merch_018,dev_0327,instr_c464a97dd2,10454.13,INR,success,,2026-08-15T14:39:04,2026-08-15T14:39:07,2026-08-15T14:39:15
pay_7e2b6adb3a,ord_c7504e37e0,cust_0076,merch_008,dev_0076,instr_14b8860afc,1059.43,INR,success,,2026-08-02T15:41:34,2026-08-02T15:41:35,2026-08-02T15:41:39
pay_453ddacdf0,ord_146cbd3bd4,cust_0212,merch_009,dev_0212,instr_11b8ec988e,8283.45,INR,success,,2026-07-29T09:33:50,2026-07-29T09:33:51,2026-07-29T09:33:54
pay_4c04885bda,ord_32734aee32,cust_0099,merch_001,dev_0292,instr_48dd7df83d,1258.12,INR,success,,2026-08-18T13:34:13,2026-08-18T13:34:17,2026-08-18T13:34:24
pay_9d7edecc1c,ord_b1e7ca9f9c,cust_0332,merch_002,dev_0332,instr_edafae67f8,481.8,INR,success,,2026-07-07T07:54:19,2026-07-07T07:54:22,2026-07-07T07:54:31
pay_81b158c63e,ord_d46054c70e,cust_0091,merch_021,dev_0091,instr_8dce283a6f,11619.76,INR,failed,issuer_declined,2026-08-20T16:05:37,,
pay_e3d8644d58,ord_69af6a9584,cust_0161,merch_020,dev_0161,instr_8822788ad8,189.01,INR,success,,2026-08-13T00:23:40,2026-08-13T00:23:41,2026-08-13T00:23:48
pay_81004ac536,ord_2063e2a853,cust_0371,merch_005,dev_0371,instr_05ebabc8af,899.36,INR,success,,2026-08-22T01:39:48,2026-08-22T01:39:53,2026-08-22T01:40:02
pay_cb2ec540f4,ord_a3eff0da97,cust_0129,merch_016,dev_0129,instr_232a9d11c8,3999.81,INR,success,,2026-07-16T08:55:32,2026-07-16T08:55:37,2026-07-16T08:55:44
pay_2dc4e23333,ord_6f07e2553a,cust_0384,merch_024,dev_0384,instr_a70ca497a4,692.02,INR,success,,2026-07-18T12:11:30,2026-07-18T12:11:33,2026-07-18T12:11:41
pay_51c35a0e5f,ord_4bdeaa0ffd,cust_0210,merch_009,dev_0210,instr_11bf708641,2087.22,INR,success,,2026-08-25T07:04:30,2026-08-25T07:04:31,2026-08-25T07:04:37
pay_c2c3a08d2a,ord_2b8d69de29,cust_0280,merch_014,dev_0280,instr_5101575ff8,444.89,INR,success,,2026-07-31T11:09:59,2026-07-31T11:10:02,2026-07-31T11:10:07
pay_c80bd5a9fd,ord_10132d2cf5,cust_0011,merch_021,dev_0011,instr_a7ab0fa14c,35020.96,INR,success,,2026-07-09T19:23:44,2026-07-09T19:23:48,2026-07-09T19:23:53
pay_b7aefd058a,ord_71a3285f80,cust_0328,merch_023,dev_0328,instr_5e1b751d97,1237.15,INR,success,,2026-07-16T08:24:21,2026-07-16T08:24:25,2026-07-16T08:24:26
pay_1c384a855a,ord_f8392dbe9f,cust_0202,merch_009,dev_0202,instr_6976218d83,1410.85,INR,success,,2026-07-27T08:39:45,2026-07-27T08:39:47,2026-07-27T08:39:55
pay_5b998324e2,ord_ef0ad48ad6,cust_0324,merch_011,dev_0324,instr_edd370b623,9550.78,INR,success,,2026-08-12T22:43:17,2026-08-12T22:43:18,2026-08-12T22:43:26
pay_fc6bbfe147,ord_a494afa998,cust_0242,merch_024,dev_0242,instr_a0a603792d,1277.63,INR,success,,2026-08-14T12:11:02,2026-08-14T12:11:05,2026-08-14T12:11:14
pay_cfa1466563,ord_aacf816634,cust_0034,merch_012,dev_0034,instr_a9c9d9c951,1120.92,INR,success,,2026-08-26T16:17:53,2026-08-26T16:17:54,2026-08-26T16:17:55
pay_b2a9909402,ord_7ce92b17eb,cust_0329,merch_021,dev_0329,instr_2ef3343cd3,720.77,INR,success,,2026-07-17T17:07:04,2026-07-17T17:07:07,2026-07-17T17:07:13
pay_4fa1c67de1,ord_c9a2b72125,cust_0295,merch_003,dev_0295,instr_d2073c81d1,449.44,INR,success,,2026-07-17T03:08:18,2026-07-17T03:08:21,2026-07-17T03:08:29
pay_664c7f97d7,ord_095e95400c,cust_0245,merch_024,dev_0082,instr_a307627e0e,342.87,INR,success,,2026-08-31T01:50:15,2026-08-31T01:50:17,2026-08-31T01:50:19
pay_65ec742582,ord_6dfd2c4b88,cust_0213,merch_012,dev_0213,instr_a2aac7b6e1,1326.95,INR,failed,technical_failure,2026-08-28T21:06:22,,
pay_2d02d4acf0,ord_8e5bce81c3,cust_0286,merch_021,dev_0286,instr_bd7cb25007,3901.43,INR,success,,2026-07-13T03:19:49,2026-07-13T03:19:51,2026-07-13T03:19:52
pay_d40ac3d257,ord_cad41e34d5,cust_0206,merch_020,dev_0206,instr_070d4e0714,464.22,INR,success,,2026-07-13T03:31:40,2026-07-13T03:31:45,2026-07-13T03:31:47
pay_4189a7db45,ord_f9a99f5f7d,cust_0008,merch_023,dev_0008,instr_f43a1df778,1182.7,INR,failed,authentication_failure,2026-08-17T13:12:57,,
pay_5ff592ba97,ord_691ac1602a,cust_0098,merch_009,dev_0098,instr_a5c865483d,791.84,INR,success,,2026-07-17T03:23:11,2026-07-17T03:23:16,2026-07-17T03:23:20
pay_3907f80bfd,ord_7bade8cc2a,cust_0145,merch_024,dev_0145,instr_5b12865b2f,5892.48,INR,failed,expired,2026-08-13T03:55:48,,
pay_c8543cbcec,ord_ee9522b38b,cust_0121,merch_020,dev_0121,instr_7338929ea3,447.65,INR,failed,insufficient_funds,2026-08-30T02:15:45,,
pay_900b1e8cbb,ord_4b632ffc3a,cust_0166,merch_023,dev_0166,instr_e6f38c0135,397.1,INR,success,,2026-08-10T17:36:33,2026-08-10T17:36:36,2026-08-10T17:36:38
pay_40d2e216e4,ord_933a3617e1,cust_0049,merch_018,dev_0049,instr_e5ad60b74d,566.01,INR,success,,2026-07-27T07:13:12,2026-07-27T07:13:17,2026-07-27T07:13:27
pay_fad43dfc6a,ord_4965e6b1fa,cust_0364,merch_024,dev_0364,instr_ab8e7f0671,1556.29,INR,success,,2026-08-22T11:40:05,2026-08-22T11:40:09,2026-08-22T11:40:15
pay_8386789bc0,ord_c4105b6dd2,cust_0068,merch_018,dev_0068,instr_8d1bd39762,351.12,INR,success,,2026-07-20T23:49:03,2026-07-20T23:49:07,2026-07-20T23:49:10
pay_e78ecbe3f2,ord_74a5cd436d,cust_0046,merch_011,dev_0046,instr_3498961d6e,6045.76,INR,success,,2026-07-29T18:47:23,2026-07-29T18:47:25,2026-07-29T18:47:33
pay_e509d78310,ord_9c53b25a34,cust_0144,merch_024,dev_0184,instr_8c83c4c84f,702.12,INR,success,,2026-07-30T01:20:19,2026-07-30T01:20:23,2026-07-30T01:20:26
pay_15bba7bc73,ord_164c903e83,cust_0162,merch_024,dev_0162,instr_4b6f74dde2,41019.67,INR,failed,technical_failure,2026-07-19T04:28:20,,
pay_90c9357b9e,ord_ecedea2d79,cust_0118,merch_006,dev_0118,instr_95c132b803,464.31,INR,failed,issuer_declined,2026-08-18T20:29:54,,
pay_9833583577,ord_585d498871,cust_0254,merch_002,dev_0254,instr_18f7f74c9f,1484.35,INR,success,,2026-08-27T22:53:08,2026-08-27T22:53:09,2026-08-27T22:53:12
pay_c813248382,ord_e24515df52,cust_0064,merch_012,dev_0064,instr_39b5f4c39d,1315.44,INR,success,,2026-07-22T00:57:23,2026-07-22T00:57:26,2026-07-22T00:57:36
pay_bb2adb7b4b,ord_1e2aee07ae,cust_0340,merch_019,dev_0340,instr_57f235fd02,1497.21,INR,success,,2026-07-04T21:36:49,2026-07-04T21:36:50,2026-07-04T21:36:54
pay_abea91c7d5,ord_41f4d02482,cust_0394,merch_016,dev_0394,instr_776980baed,10817.36,INR,success,,2026-07-07T00:29:46,2026-07-07T00:29:47,2026-07-07T00:29:54
pay_8ead7ec3b3,ord_8175104985,cust_0192,merch_019,dev_0192,instr_1a775c479f,16030.66,INR,failed,insufficient_funds,2026-08-04T21:53:56,,
pay_f8a9a0a172,ord_20b72585ff,cust_0363,merch_022,dev_0363,instr_85f42a0a16,979.7,INR,success,,2026-07-30T15:33:26,2026-07-30T15:33:27,2026-07-30T15:33:37
pay_1dc8d7e479,ord_63903096cb,cust_0232,merch_011,dev_0232,instr_c2a655608a,49993.2,INR,success,,2026-08-28T18:14:07,2026-08-28T18:14:08,2026-08-28T18:14:13
pay_4a355af337,ord_7c0d15e108,cust_0166,merch_002,dev_0166,instr_e6f38c0135,7245.14,INR,failed,timeout,2026-08-31T23:26:27,,
pay_7be2a6579c,ord_a678371373,cust_0123,merch_025,dev_0123,instr_8332b7bdeb,2436.48,INR,success,,2026-07-24T17:11:38,2026-07-24T17:11:42,2026-07-24T17:11:47
pay_76165ea8a0,ord_f0dacf2701,cust_0332,merch_025,dev_0332,instr_edafae67f8,17857.12,INR,success,,2026-08-02T11:39:50,2026-08-02T11:39:53,2026-08-02T11:40:03
pay_2aa8eee33e,ord_3fd2459af1,cust_0068,merch_012,dev_0068,instr_239eeba312,10236.56,INR,success,,2026-08-23T06:34:06,2026-08-23T06:34:10,2026-08-23T06:34:18
pay_27b70efaa5,ord_eae6d36f6c,cust_0138,merch_019,dev_0138,instr_c5ca586c43,2447.33,INR,success,,2026-08-14T12:34:51,2026-08-14T12:34:55,2026-08-14T12:35:02
pay_21ef1f3375,ord_010346ed1e,cust_0048,merch_002,dev_0048,instr_e8661f3938,1462.58,INR,success,,2026-07-26T06:29:39,2026-07-26T06:29:44,2026-07-26T06:29:53
pay_b9b8d2f83d,ord_ac5d452297,cust_0043,merch_010,dev_0043,instr_e8662970de,210.86,INR,failed,technical_failure,2026-08-19T20:54:54,,
pay_4bc7d1e38f,ord_94d6ad44d2,cust_0154,merch_008,dev_0154,instr_6122bf15b3,513.67,INR,success,,2026-07-09T03:12:53,2026-07-09T03:12:58,2026-07-09T03:13:00
pay_61d69bd6da,ord_08e270dd34,cust_0262,merch_014,dev_0262,instr_3d280f2f62,750.52,INR,success,,2026-08-28T16:39:00,2026-08-28T16:39:05,2026-08-28T16:39:07
pay_6320d7953e,ord_89009acfdb,cust_0394,merch_017,dev_0394,instr_776980baed,1136.72,INR,success,,2026-08-18T10:35:10,2026-08-18T10:35:14,2026-08-18T10:35:15
pay_a892ba089f,ord_7f90a01d5e,cust_0043,merch_014,dev_0043,instr_e8662970de,4625.3,INR,success,,2026-08-30T12:17:40,2026-08-30T12:17:44,2026-08-30T12:17:54
pay_a54cd5dde0,ord_4888f1b9e6,cust_0136,merch_011,dev_0136,instr_1f768a0aaa,45111.1,INR,success,,2026-07-22T16:11:18,2026-07-22T16:11:23,2026-07-22T16:11:28
pay_d6538728a7,ord_f22bfc389a,cust_0345,merch_004,dev_0345,instr_b854d72dd1,125.08,INR,failed,authentication_failure,2026-08-11T20:15:45,,
pay_d6add7c2c4,ord_5e325cc5bd,cust_0236,merch_023,dev_0236,instr_59e89baa7f,1020.8,INR,success,,2026-08-31T22:29:57,2026-08-31T22:30:02,2026-08-31T22:30:08
pay_ed7464c4fc,ord_223a541e43,cust_0354,merch_022,dev_0354,instr_ec52d7965a,37653.89,INR,failed,technical_failure,2026-08-02T21:14:28,,
pay_7e9bda68ec,ord_27b9658986,cust_0058,merch_001,dev_0058,instr_dc30b296b3,3476.32,INR,success,,2026-07-07T02:29:03,2026-07-07T02:29:05,2026-07-07T02:29:09
pay_8990a36008,ord_be833348eb,cust_0224,merch_021,dev_0224,instr_c82e46ccb5,7155.12,INR,success,,2026-07-12T20:36:45,2026-07-12T20:36:47,2026-07-12T20:36:55
pay_106fc27f4f,ord_d5077468c1,cust_0217,merch_001,dev_0217,instr_e9b1890c2c,1363.38,INR,success,,2026-08-16T17:32:41,2026-08-16T17:32:45,2026-08-16T17:32:55
pay_ccdcf1308e,ord_572192dd1c,cust_0125,merch_007,dev_0125,instr_880da59236,1261.23,INR,success,,2026-08-11T12:48:17,2026-08-11T12:48:18,2026-08-11T12:48:25
pay_8a6c3e51ca,ord_90502b64ae,cust_0213,merch_016,dev_0213,instr_4fc49a1c30,7756.32,INR,failed,timeout,2026-08-27T07:37:23,,
pay_da0e5b2b07,ord_c7931cbdf7,cust_0263,merch_019,dev_0263,instr_9991d340a3,11320.45,INR,success,,2026-08-20T20:53:34,2026-08-20T20:53:39,2026-08-20T20:53:40
pay_1dbb70cef6,ord_873c9e7723,cust_0217,merch_019,dev_0217,instr_e9b1890c2c,188.91,INR,failed,authentication_failure,2026-08-14T00:00:02,,
pay_bbb5f2ccb1,ord_a611cf32fc,cust_0331,merch_012,dev_0331,instr_44e794c273,710.72,INR,success,,2026-07-20T03:56:02,2026-07-20T03:56:06,2026-07-20T03:56:12
pay_1ef1442da3,ord_9649abe162,cust_0225,merch_008,dev_0225,instr_49cf7bb0ee,922.72,INR,failed,timeout,2026-08-06T10:17:01,,
pay_3b735a3ced,ord_b6b1256e8f,cust_0365,merch_013,dev_0365,instr_a69f5d2a6b,43657.07,INR,success,,2026-08-08T11:27:22,2026-08-08T11:27:24,2026-08-08T11:27:34
pay_63e3202cb6,ord_84fc05982a,cust_0107,merch_010,dev_0107,instr_d2f9064a9c,2405.01,INR,success,,2026-08-20T09:12:52,2026-08-20T09:12:54,2026-08-20T09:13:04
pay_1d96c59006,ord_7ee6055350,cust_0252,merch_004,dev_0252,instr_20e5fe792b,11402.07,INR,success,,2026-08-21T10:27:46,2026-08-21T10:27:51,2026-08-21T10:27:52
pay_c836102bd8,ord_3f40b5769b,cust_0010,merch_012,dev_0010,instr_d1cda0d663,5248.96,INR,success,,2026-07-19T21:34:39,2026-07-19T21:34:44,2026-07-19T21:34:45
pay_9232bf00e9,ord_8556d38152,cust_0033,merch_011,dev_0033,instr_4b5cd54b8f,964.59,INR,success,,2026-07-16T05:13:24,2026-07-16T05:13:27,2026-07-16T05:13:33
pay_9068277963,ord_b2c52f190d,cust_0394,merch_002,dev_0394,instr_776980baed,7348.73,INR,success,,2026-07-19T04:16:16,2026-07-19T04:16:20,2026-07-19T04:16:28
pay_bd95563a7f,ord_15390f666e,cust_0387,merch_004,dev_0387,instr_56d96579c7,41702.79,INR,success,,2026-09-01T16:36:03,2026-09-01T16:36:04,2026-09-01T16:36:13
pay_8a1f6b9b58,ord_071078d429,cust_0054,merch_006,dev_0054,instr_5d76c17d12,10644.13,INR,success,,2026-08-08T14:40:43,2026-08-08T14:40:47,2026-08-08T14:40:56
pay_d30770b789,ord_00c4201b46,cust_0256,merch_024,dev_0079,instr_dbd7b746ba,3120.11,INR,success,,2026-08-08T19:34:06,2026-08-08T19:34:07,2026-08-08T19:34:11
pay_b7a1ed184b,ord_53faa5542f,cust_0225,merch_014,dev_0225,instr_49cf7bb0ee,1569.17,INR,success,,2026-08-19T11:42:56,2026-08-19T11:42:58,2026-08-19T11:43:00
pay_3f6022a3f4,ord_cf1eb8156d,cust_0137,merch_012,dev_0137,instr_6bfb5a08e0,5857.59,INR,success,,2026-07-28T07:56:34,2026-07-28T07:56:39,2026-07-28T07:56:46
pay_d0c702008d,ord_532dd898f5,cust_0117,merch_005,dev_0117,instr_1dc90d8a2b,5840.8,INR,success,,2026-08-13T05:45:35,2026-08-13T05:45:40,2026-08-13T05:45:46
pay_eeaeefdace,ord_7cf605324e,cust_0016,merch_015,dev_0016,instr_53db26ca85,113.93,INR,failed,timeout,2026-08-23T17:30:35,,
pay_904d413094,ord_8404e8e773,cust_0396,merch_006,dev_0396,instr_0ae5502ea1,650.57,INR,success,,2026-07-08T02:26:04,2026-07-08T02:26:05,2026-07-08T02:26:14
pay_1cc8b831fc,ord_a0a62e0160,cust_0152,merch_014,dev_0152,instr_2e351d7879,1053.22,INR,success,,2026-08-27T06:00:20,2026-08-27T06:00:23,2026-08-27T06:00:29
pay_eb220a3dce,ord_9a3d593774,cust_0005,merch_009,dev_0005,instr_e74629cf80,35195.24,INR,success,,2026-07-18T18:12:46,2026-07-18T18:12:48,2026-07-18T18:12:57
pay_55a6133148,ord_36d654e105,cust_0320,merch_020,dev_0320,instr_ac9bb5f1b4,8823.45,INR,success,,2026-08-12T18:33:59,2026-08-12T18:34:00,2026-08-12T18:34:01
pay_5875c0278d,ord_18fb95383f,cust_0276,merch_011,dev_0184,instr_470c4882ab,1106.43,INR,success,,2026-07-16T17:36:51,2026-07-16T17:36:56,2026-07-16T17:37:05
pay_ee3b013459,ord_fe5468a828,cust_0160,merch_017,dev_0160,instr_4386fc64c3,989.96,INR,success,,2026-07-06T18:34:35,2026-07-06T18:34:40,2026-07-06T18:34:50
pay_ae182f2ec2,ord_b4dedcf44e,cust_0133,merch_008,dev_0133,instr_eb7fdaeef1,4691.39,INR,success,,2026-08-14T13:04:09,2026-08-14T13:04:12,2026-08-14T13:04:17
pay_0821483580,ord_db1eb98d64,cust_0322,merch_017,dev_0394,instr_8ac58fe007,166.83,INR,success,,2026-07-16T14:41:17,2026-07-16T14:41:18,2026-07-16T14:41:26
pay_a9d7ace922,ord_269ab84053,cust_0174,merch_008,dev_0174,instr_d528354e0f,11884.5,INR,success,,2026-08-28T09:56:13,2026-08-28T09:56:16,2026-08-28T09:56:26
pay_a9de587940,ord_5754e17c60,cust_0345,merch_005,dev_0345,instr_b854d72dd1,6956.5,INR,success,,2026-07-28T13:01:38,2026-07-28T13:01:43,2026-07-28T13:01:47
pay_1aca9e99a8,ord_e494216246,cust_0399,merch_012,dev_0399,instr_046373e8cc,305.17,INR,failed,technical_failure,2026-08-14T19:56:04,,
pay_d916f15afc,ord_0e76b6fec0,cust_0067,merch_016,dev_0067,instr_fd103ca588,209.3,INR,success,,2026-08-24T14:15:51,2026-08-24T14:15:56,2026-08-24T14:16:03
pay_ca9ac66013,ord_3a453c7ce9,cust_0136,merch_019,dev_0136,instr_1f768a0aaa,692.79,INR,success,,2026-08-16T05:27:38,2026-08-16T05:27:42,2026-08-16T05:27:45
pay_e8d42f40d2,ord_65cd79f8ce,cust_0074,merch_017,dev_0074,instr_023cf68421,1095.61,INR,success,,2026-07-17T01:29:21,2026-07-17T01:29:25,2026-07-17T01:29:33
pay_b8929034ea,ord_3f192620b3,cust_0017,merch_024,dev_0017,instr_ca5c4d315b,882.64,INR,failed,timeout,2026-07-16T00:44:41,,
pay_bf6f143dc3,ord_c296ba77d1,cust_0149,merch_002,dev_0149,instr_95d0247375,264.84,INR,success,,2026-08-03T02:31:32,2026-08-03T02:31:36,2026-08-03T02:31:37
pay_9adef64c15,ord_2e4ae3632b,cust_0074,merch_005,dev_0074,instr_023cf68421,5928.45,INR,success,,2026-08-03T03:05:00,2026-08-03T03:05:04,2026-08-03T03:05:05
pay_fcc8393ff7,ord_1f1fc9d64e,cust_0063,merch_018,dev_0063,instr_a9b30aa7aa,1318.6,INR,success,,2026-08-14T01:01:14,2026-08-14T01:01:19,2026-08-14T01:01:27
pay_f20d14dcbc,ord_63867dfb4e,cust_0173,merch_013,dev_0173,instr_0883157c0f,1108.05,INR,success,,2026-09-01T07:24:21,2026-09-01T07:24:26,2026-09-01T07:24:34
pay_5de85ae3c4,ord_4c90f1332c,cust_0390,merch_015,dev_0390,instr_8d8a209d14,3064.32,INR,success,,2026-08-05T01:48:31,2026-08-05T01:48:36,2026-08-05T01:48:43
pay_40a3d2b37c,ord_2c23e8d337,cust_0199,merch_008,dev_0199,instr_461b2ff6d4,24881.92,INR,success,,2026-07-08T22:46:03,2026-07-08T22:46:04,2026-07-08T22:46:07
pay_ab91f725cd,ord_de4205a400,cust_0363,merch_001,dev_0363,instr_85f42a0a16,9859.67,INR,success,,2026-08-03T11:40:05,2026-08-03T11:40:06,2026-08-03T11:40:10
pay_97032043b2,ord_aad765b595,cust_0317,merch_018,dev_0317,instr_f4a639ef3e,2055.18,INR,success,,2026-08-28T20:45:56,2026-08-28T20:46:01,2026-08-28T20:46:02
pay_4bc408b388,ord_37f41b52d3,cust_0062,merch_022,dev_0062,instr_e3f386e92a,18830.25,INR,success,,2026-07-06T08:12:41,2026-07-06T08:12:43,2026-07-06T08:12:53
pay_a058d89dbe,ord_80b81a50b9,cust_0228,merch_003,dev_0228,instr_ee405bf8fe,7871.98,INR,success,,2026-08-12T12:15:24,2026-08-12T12:15:25,2026-08-12T12:15:31
pay_cc3b04077a,ord_fd77845e0b,cust_0224,merch_006,dev_0224,instr_c82e46ccb5,1303.51,INR,success,,2026-08-04T07:33:16,2026-08-04T07:33:17,2026-08-04T07:33:19
pay_2d9c62b23b,ord_549f181659,cust_0278,merch_006,dev_0278,instr_64949b0d51,355.74,INR,success,,2026-07-13T04:50:58,2026-07-13T04:51:02,2026-07-13T04:51:05
pay_78f3a45b14,ord_ca9c8bb60e,cust_0031,merch_020,dev_0031,instr_571e5c6e60,18895.4,INR,success,,2026-07-10T04:19:08,2026-07-10T04:19:11,2026-07-10T04:19:14
pay_b3d454da6d,ord_64a888b055,cust_0212,merch_011,dev_0212,instr_11b8ec988e,1418.21,INR,success,,2026-07-16T05:52:18,2026-07-16T05:52:23,2026-07-16T05:52:33
pay_5ebf49d485,ord_7a3668a5c3,cust_0122,merch_016,dev_0122,instr_d2fecb986f,806.19,INR,failed,insufficient_funds,2026-07-15T16:09:32,,
pay_71d9c08b3f,ord_31adf7fe5b,cust_0209,merch_003,dev_0209,instr_00436b664d,670.49,INR,success,,2026-07-27T04:39:17,2026-07-27T04:39:22,2026-07-27T04:39:24
pay_c3f316dea5,ord_776c866343,cust_0127,merch_025,dev_0127,instr_1704f27af6,9744.75,INR,success,,2026-08-03T01:47:57,2026-08-03T01:48:02,2026-08-03T01:48:06
pay_bc96ff9622,ord_0fecac9da9,cust_0073,merch_012,dev_0073,instr_92c1225941,335.46,INR,success,,2026-07-28T07:16:03,2026-07-28T07:16:08,2026-07-28T07:16:16
pay_c2352bfd7f,ord_f255ef3808,cust_0022,merch_001,dev_0022,instr_74877d71fc,11591.7,INR,failed,risk_block,2026-08-01T14:00:00,,
pay_8cebe87356,ord_637a769777,cust_0247,merch_009,dev_0247,instr_5641c9e23c,10314.62,INR,success,,2026-08-10T09:49:18,2026-08-10T09:49:20,2026-08-10T09:49:30
pay_cc45836fcc,ord_daf80af33d,cust_0262,merch_010,dev_0262,instr_3d280f2f62,1134.86,INR,success,,2026-08-28T04:04:30,2026-08-28T04:04:34,2026-08-28T04:04:36
pay_248979f068,ord_a992bfc9c4,cust_0072,merch_024,dev_0072,instr_0bc8278de2,4434.31,INR,success,,2026-08-15T10:32:43,2026-08-15T10:32:46,2026-08-15T10:32:52
pay_5ebcb4f30f,ord_25cba0a1ed,cust_0326,merch_009,dev_0326,instr_8eca428d98,38894.66,INR,success,,2026-07-31T00:10:00,2026-07-31T00:10:03,2026-07-31T00:10:09
pay_befdba1f78,ord_bc85482cc9,cust_0108,merch_015,dev_0108,instr_623668c236,24481.38,INR,success,,2026-07-17T11:36:12,2026-07-17T11:36:13,2026-07-17T11:36:14
pay_f9ccf6168c,ord_e5d301ad99,cust_0345,merch_006,dev_0345,instr_b854d72dd1,1353.38,INR,success,,2026-08-20T23:23:53,2026-08-20T23:23:54,2026-08-20T23:24:03
pay_e45496b9f3,ord_4326a55e7b,cust_0016,merch_022,dev_0016,instr_53db26ca85,272.78,INR,success,,2026-08-10T01:01:14,2026-08-10T01:01:15,2026-08-10T01:01:17
pay_4bc196e5d2,ord_5e88a8e74e,cust_0237,merch_012,dev_0237,instr_a4c0a66c5b,28893.95,INR,success,,2026-07-26T00:10:50,2026-07-26T00:10:53,2026-07-26T00:10:57
pay_84406e1b28,ord_96c76a2adf,cust_0047,merch_020,dev_0047,instr_adb3ca4de6,9988.35,INR,success,,2026-07-25T23:18:41,2026-07-25T23:18:44,2026-07-25T23:18:45
pay_dfdfcabc78,ord_546b4751aa,cust_0144,merch_016,dev_0184,instr_8c83c4c84f,38864.78,INR,success,,2026-07-24T19:12:23,2026-07-24T19:12:27,2026-07-24T19:12:29
pay_31a4795d18,ord_4c86942020,cust_0143,merch_019,dev_0143,instr_e4247d1085,338.67,INR,failed,technical_failure,2026-07-23T07:31:02,,
pay_ebd59aa9c3,ord_514d1313fb,cust_0034,merch_005,dev_0034,instr_a9c9d9c951,897.86,INR,success,,2026-07-26T15:11:50,2026-07-26T15:11:51,2026-07-26T15:12:00
pay_91c24db425,ord_4c6592d2f4,cust_0315,merch_009,dev_0315,instr_bf702cefd5,10772.57,INR,success,,2026-07-04T16:33:19,2026-07-04T16:33:20,2026-07-04T16:33:26
pay_1c2d21e0c5,ord_322a928858,cust_0222,merch_014,dev_0222,instr_886f4310d9,1052.24,INR,success,,2026-08-18T19:13:33,2026-08-18T19:13:34,2026-08-18T19:13:38
pay_74353bfa4d,ord_3365c87e51,cust_0025,merch_009,dev_0025,instr_ac257e8c64,32231.59,INR,success,,2026-08-04T04:53:49,2026-08-04T04:53:52,2026-08-04T04:53:54
pay_de053e6acc,ord_28f2e86bbe,cust_0293,merch_001,dev_0293,instr_1f73229ea3,20573.86,INR,success,,2026-08-14T15:34:21,2026-08-14T15:34:23,2026-08-14T15:34:26
pay_87fc692c15,ord_937f7e590e,cust_0169,merch_010,dev_0169,instr_d15a45a8d6,975.41,INR,success,,2026-07-07T04:56:53,2026-07-07T04:56:54,2026-07-07T04:57:04
pay_a368c00046,ord_8bb8c862d7,cust_0321,merch_011,dev_0321,instr_a4ad02fdfa,4095.11,INR,success,,2026-08-19T11:30:47,2026-08-19T11:30:48,2026-08-19T11:30:54
pay_9927b46ced,ord_d004649917,cust_0267,merch_008,dev_0267,instr_bd828603fd,41478.48,INR,success,,2026-08-16T01:50:51,2026-08-16T01:50:56,2026-08-16T01:50:58
pay_9b24971fa0,ord_9556aa5584,cust_0044,merch_002,dev_0044,instr_e229fa238d,26341.02,INR,failed,issuer_declined,2026-07-10T19:31:36,,
pay_354be9fe31,ord_debc6ac996,cust_0029,merch_010,dev_0029,instr_7f7f5a2466,6034.31,INR,success,,2026-07-14T09:16:31,2026-07-14T09:16:34,2026-07-14T09:16:41
pay_5f54a624ea,ord_724c4e6af7,cust_0206,merch_004,dev_0206,instr_070d4e0714,5816.63,INR,success,,2026-08-31T17:06:46,2026-08-31T17:06:50,2026-08-31T17:06:57
pay_fa3703f799,ord_0c186ddb41,cust_0318,merch_020,dev_0394,instr_b6a3dcec06,1011.29,INR,success,,2026-07-07T00:31:09,2026-07-07T00:31:14,2026-07-07T00:31:18
pay_e3f7d97dcf,ord_5e5d7fa6e0,cust_0056,merch_004,dev_0056,instr_7a9cc36dd0,1098.62,INR,success,,2026-08-31T01:31:32,2026-08-31T01:31:34,2026-08-31T01:31:43
pay_ad8ce35642,ord_ec6be3a41d,cust_0132,merch_012,dev_0399,instr_1c93cc69bd,1114.47,INR,success,,2026-08-16T16:02:59,2026-08-16T16:03:00,2026-08-16T16:03:01
pay_cae80aff4e,ord_21267d39f2,cust_0066,merch_010,dev_0066,instr_ad6fc6c0bb,6887.82,INR,success,,2026-08-08T05:36:11,2026-08-08T05:36:16,2026-08-08T05:36:19
pay_9495e0cc9c,ord_c01f5f5467,cust_0076,merch_016,dev_0076,instr_14b8860afc,580.06,INR,success,,2026-08-09T07:26:10,2026-08-09T07:26:12,2026-08-09T07:26:13
pay_d9c43f4241,ord_dc2e23d951,cust_0122,merch_017,dev_0122,instr_d2fecb986f,7374.22,INR,success,,2026-07-09T19:14:39,2026-07-09T19:14:41,2026-07-09T19:14:45
pay_577933f351,ord_35f9e091da,cust_0036,merch_011,dev_0273,instr_353d06f1a1,766.02,INR,success,,2026-08-18T21:07:35,2026-08-18T21:07:40,2026-08-18T21:07:46
pay_a1d5d11065,ord_554839486e,cust_0316,merch_010,dev_0316,instr_e3b3e632bd,327.19,INR,success,,2026-08-17T14:36:02,2026-08-17T14:36:03,2026-08-17T14:36:07
pay_fbbba3b543,ord_f7d2dcf2aa,cust_0355,merch_008,dev_0355,instr_6d30ab77c7,398.39,INR,success,,2026-08-20T04:13:11,2026-08-20T04:13:15,2026-08-20T04:13:19
pay_be26b92bc8,ord_4f394b1474,cust_0205,merch_006,dev_0205,instr_3eb57b7831,1570.62,INR,success,,2026-07-05T11:03:00,2026-07-05T11:03:05,2026-07-05T11:03:07
pay_d8833f475f,ord_73a6528547,cust_0073,merch_010,dev_0073,instr_92c1225941,983.87,INR,success,,2026-08-08T10:38:57,2026-08-08T10:38:59,2026-08-08T10:39:03
pay_910ffee761,ord_2473eb5507,cust_0146,merch_006,dev_0146,instr_9097ce69ca,466.8,INR,success,,2026-07-21T10:06:44,2026-07-21T10:06:46,2026-07-21T10:06:49
pay_2e53e49acf,ord_f5ae098210,cust_0101,merch_001,dev_0101,instr_ecee0e71fc,466.5,INR,success,,2026-07-14T07:47:25,2026-07-14T07:47:27,2026-07-14T07:47:34
pay_000c314b54,ord_5ec5207b87,cust_0336,merch_004,dev_0336,instr_1b4a02ccb5,394.33,INR,success,,2026-08-17T19:01:53,2026-08-17T19:01:56,2026-08-17T19:01:59
pay_fc8bb0900d,ord_5b31904aa3,cust_0270,merch_020,dev_0362,instr_b445c6b97c,10723.07,INR,failed,risk_block,2026-07-10T20:20:26,,
pay_02123a02cd,ord_e72810ea2d,cust_0098,merch_007,dev_0098,instr_a5c865483d,1072.1,INR,success,,2026-08-04T08:52:51,2026-08-04T08:52:53,2026-08-04T08:52:54
pay_91bf21a851,ord_da852cb029,cust_0391,merch_020,dev_0391,instr_1a0db7db25,10471.57,INR,success,,2026-08-02T01:29:43,2026-08-02T01:29:44,2026-08-02T01:29:49
pay_cac33c1612,ord_73ffbaa0d2,cust_0065,merch_017,dev_0065,instr_deda49ffd3,45661.7,INR,success,,2026-07-24T19:33:31,2026-07-24T19:33:36,2026-07-24T19:33:38
pay_3c5e2fb48d,ord_5a194eebbf,cust_0086,merch_017,dev_0086,instr_6d21f0191b,1335.39,INR,success,,2026-08-22T22:25:31,2026-08-22T22:25:35,2026-08-22T22:25:38
pay_fd0e9d74eb,ord_d1f53f9903,cust_0165,merch_023,dev_0165,instr_897d9029a2,1072.31,INR,success,,2026-08-21T12:56:56,2026-08-21T12:57:00,2026-08-21T12:57:10
pay_92a4b09c5a,ord_cf26a5dddf,cust_0333,merch_002,dev_0333,instr_b9c92eaaf1,1352.84,INR,success,,2026-08-17T09:25:22,2026-08-17T09:25:25,2026-08-17T09:25:32
pay_2286746cc9,ord_d0a3a82eea,cust_0194,merch_019,dev_0194,instr_bec6c1159f,1279.4,INR,failed,technical_failure,2026-07-29T05:05:46,,
pay_5b071e9caa,ord_f018e8d770,cust_0228,merch_017,dev_0228,instr_ee405bf8fe,917.55,INR,success,,2026-08-18T16:07:05,2026-08-18T16:07:09,2026-08-18T16:07:16
pay_4bb3eaef0b,ord_8cf8428227,cust_0210,merch_012,dev_0210,instr_11bf708641,4828.71,INR,success,,2026-08-10T14:59:19,2026-08-10T14:59:21,2026-08-10T14:59:26
pay_11042c550f,ord_7b2a769022,cust_0331,merch_003,dev_0331,instr_44e794c273,215.39,INR,success,,2026-08-22T05:11:49,2026-08-22T05:11:51,2026-08-22T05:11:53
pay_55dd85e5c8,ord_52e8034e56,cust_0061,merch_003,dev_0061,instr_843a79071b,864.44,INR,success,,2026-08-05T21:42:43,2026-08-05T21:42:46,2026-08-05T21:42:51
pay_3042a90ce3,ord_45c2066a48,cust_0382,merch_025,dev_0382,instr_70d974c63d,4381.88,INR,success,,2026-09-01T03:30:04,2026-09-01T03:30:09,2026-09-01T03:30:14
pay_a8cb85940e,ord_2d7bd1b946,cust_0005,merch_025,dev_0005,instr_e74629cf80,1251.23,INR,success,,2026-08-12T16:56:53,2026-08-12T16:56:54,2026-08-12T16:57:02
pay_064abc7ece,ord_f3188e718f,cust_0335,merch_017,dev_0335,instr_076110f4e5,48156.58,INR,success,,2026-08-12T02:15:16,2026-08-12T02:15:18,2026-08-12T02:15:26
pay_886d88c280,ord_75d00efedf,cust_0120,merch_017,dev_0120,instr_f7e430f96b,7302.46,INR,success,,2026-08-19T00:14:22,2026-08-19T00:14:23,2026-08-19T00:14:29
pay_e235b69cf1,ord_b031559990,cust_0097,merch_014,dev_0097,instr_cdf0540586,8828.38,INR,success,,2026-07-24T20:22:04,2026-07-24T20:22:09,2026-07-24T20:22:10
pay_4cb1acb928,ord_ee7053c479,cust_0192,merch_005,dev_0192,instr_1a775c479f,2847.63,INR,success,,2026-07-05T10:33:31,2026-07-05T10:33:34,2026-07-05T10:33:40
pay_074b68c0ea,ord_2c06e553ab,cust_0116,merch_014,dev_0116,instr_326d50d282,1153.68,INR,success,,2026-08-25T16:42:29,2026-08-25T16:42:30,2026-08-25T16:42:40
pay_c1a5aeb594,ord_35d2448841,cust_0017,merch_005,dev_0017,instr_ca5c4d315b,1433.69,INR,success,,2026-08-05T13:32:22,2026-08-05T13:32:24,2026-08-05T13:32:31
pay_6277fb0a41,ord_3507e0276d,cust_0033,merch_018,dev_0033,instr_4b5cd54b8f,764.69,INR,success,,2026-08-05T10:15:21,2026-08-05T10:15:24,2026-08-05T10:15:26
pay_7b3c5ab430,ord_3bd882280e,cust_0088,merch_004,dev_0088,instr_44029a394b,3365.18,INR,failed,technical_failure,2026-09-01T01:56:23,,
pay_39b55c76b8,ord_1fc31696f6,cust_0198,merch_010,dev_0198,instr_31d24b5012,507.55,INR,success,,2026-08-24T09:55:49,2026-08-24T09:55:52,2026-08-24T09:56:01
pay_85d557da70,ord_1e242d657a,cust_0006,merch_006,dev_0006,instr_bf969e2cf8,1373.74,INR,success,,2026-08-11T11:20:28,2026-08-11T11:20:30,2026-08-11T11:20:39
pay_699620d0b5,ord_811eec0677,cust_0215,merch_016,dev_0141,instr_2fa6c904c1,5584.43,INR,success,,2026-07-24T13:07:57,2026-07-24T13:08:00,2026-07-24T13:08:07
pay_22acd24395,ord_b0e32b5fc7,cust_0364,merch_022,dev_0364,instr_ab8e7f0671,945.19,INR,success,,2026-08-03T15:05:00,2026-08-03T15:05:04,2026-08-03T15:05:09
pay_d679747cb6,ord_622e242b73,cust_0104,merch_001,dev_0178,instr_29dc44a7a7,28937.8,INR,success,,2026-08-12T06:17:21,2026-08-12T06:17:26,2026-08-12T06:17:34
pay_fd44e616e9,ord_1930addc34,cust_0236,merch_015,dev_0236,instr_59e89baa7f,9241.55,INR,success,,2026-08-01T10:52:59,2026-08-01T10:53:02,2026-08-01T10:53:09
pay_b6341f9a3e,ord_e03354a378,cust_0314,merch_006,dev_0314,instr_a447a6eab0,351.41,INR,success,,2026-09-02T11:25:49,2026-09-02T11:25:51,2026-09-02T11:26:01
pay_e335c2ef18,ord_24465dd63d,cust_0049,merch_013,dev_0049,instr_e5ad60b74d,1958.48,INR,success,,2026-07-19T20:00:31,2026-07-19T20:00:36,2026-07-19T20:00:41
pay_3676315388,ord_1549457554,cust_0342,merch_003,dev_0342,instr_253fa0f1a1,9085.3,INR,success,,2026-07-25T14:14:25,2026-07-25T14:14:30,2026-07-25T14:14:32
pay_60a92f973e,ord_d943939f78,cust_0189,merch_003,dev_0189,instr_487f77fc0d,6796.15,INR,success,,2026-08-05T03:39:56,2026-08-05T03:39:59,2026-08-05T03:40:03
pay_16f07e2d8e,ord_b7e217e38d,cust_0260,merch_002,dev_0260,instr_d6852961de,202.47,INR,success,,2026-08-18T08:18:51,2026-08-18T08:18:55,2026-08-18T08:18:59
pay_b7e26ed86e,ord_dc427430c2,cust_0204,merch_002,dev_0204,instr_2dee773f2c,260.56,INR,success,,2026-07-17T18:01:22,2026-07-17T18:01:26,2026-07-17T18:01:34
pay_5448c80a90,ord_31845c7f44,cust_0237,merch_003,dev_0237,instr_a4c0a66c5b,1019.83,INR,success,,2026-08-15T23:58:12,2026-08-15T23:58:15,2026-08-15T23:58:18
pay_b0ead415c1,ord_262a72b856,cust_0088,merch_001,dev_0088,instr_44029a394b,3360.98,INR,success,,2026-07-16T13:17:37,2026-07-16T13:17:38,2026-07-16T13:17:43
pay_133f6ff205,ord_34123e44be,cust_0079,merch_015,dev_0079,instr_efa00f6bbf,403.34,INR,success,,2026-07-07T20:15:44,2026-07-07T20:15:45,2026-07-07T20:15:54
pay_bd6fd102ab,ord_4b77cfdaf6,cust_0329,merch_022,dev_0329,instr_2ef3343cd3,10918.6,INR,success,,2026-08-11T10:12:24,2026-08-11T10:12:29,2026-08-11T10:12:30
pay_cc9f190079,ord_03fd74c65a,cust_0025,merch_025,dev_0025,instr_10f59c8905,382.43,INR,success,,2026-07-28T17:50:33,2026-07-28T17:50:35,2026-07-28T17:50:37
pay_d182eab29e,ord_0435a5b4e1,cust_0009,merch_014,dev_0009,instr_2566ea6d76,120.38,INR,success,,2026-07-23T03:44:46,2026-07-23T03:44:47,2026-07-23T03:44:50
pay_5dc9eabf05,ord_3a1897fc44,cust_0371,merch_006,dev_0371,instr_05ebabc8af,817.5,INR,success,,2026-08-05T06:17:41,2026-08-05T06:17:43,2026-08-05T06:17:53
pay_040169ace4,ord_888a0db366,cust_0107,merch_018,dev_0107,instr_d2f9064a9c,699.03,INR,failed,timeout,2026-07-27T01:33:00,,
pay_d60e5f9cba,ord_412b03a23d,cust_0008,merch_013,dev_0008,instr_f43a1df778,1625.8,INR,success,,2026-07-25T03:47:06,2026-07-25T03:47:09,2026-07-25T03:47:19
pay_bd57b1ab48,ord_8900371048,cust_0189,merch_002,dev_0189,instr_487f77fc0d,405.99,INR,success,,2026-08-02T18:37:32,2026-08-02T18:37:33,2026-08-02T18:37:42
pay_e8e2f0c9ee,ord_f8c85163d2,cust_0292,merch_006,dev_0292,instr_d2cc263ca3,232.64,INR,success,,2026-08-04T23:48:00,2026-08-04T23:48:02,2026-08-04T23:48:08
pay_85f560037b,ord_cfbb03a15c,cust_0090,merch_021,dev_0090,instr_4a78180810,8720.06,INR,success,,2026-08-20T07:26:42,2026-08-20T07:26:47,2026-08-20T07:26:57
pay_b8238d24f7,ord_d8d791267c,cust_0230,merch_013,dev_0230,instr_5e394251bd,1138.54,INR,success,,2026-08-22T09:03:13,2026-08-22T09:03:18,2026-08-22T09:03:20
pay_a97f9805c8,ord_48d321d97d,cust_0159,merch_008,dev_0159,instr_0e2a87c8ba,9451.08,INR,failed,insufficient_funds,2026-07-12T04:59:28,,
pay_168e83ff63,ord_3b67f7f63f,cust_0104,merch_005,dev_0178,instr_29dc44a7a7,998.85,INR,success,,2026-07-27T14:43:45,2026-07-27T14:43:48,2026-07-27T14:43:51
pay_744049d6dd,ord_096a20dfc5,cust_0143,merch_011,dev_0143,instr_e4247d1085,9485.19,INR,success,,2026-08-24T01:43:18,2026-08-24T01:43:21,2026-08-24T01:43:22
pay_35fdfae047,ord_eeeb410114,cust_0118,merch_024,dev_0118,instr_95c132b803,439.15,INR,success,,2026-08-25T20:41:14,2026-08-25T20:41:16,2026-08-25T20:41:20
pay_74ad80052b,ord_52d23ca3b2,cust_0312,merch_013,dev_0312,instr_f7f895655b,356.96,INR,success,,2026-07-05T02:04:49,2026-07-05T02:04:50,2026-07-05T02:04:54
pay_fb37525777,ord_007b17dfbe,cust_0027,merch_021,dev_0027,instr_8f49fed2f6,47654.43,INR,success,,2026-07-16T16:34:42,2026-07-16T16:34:47,2026-07-16T16:34:51
pay_e62c0a17b7,ord_47f718f85a,cust_0121,merch_017,dev_0121,instr_3c439bb5d0,1114.98,INR,success,,2026-08-03T17:45:40,2026-08-03T17:45:42,2026-08-03T17:45:49
pay_17cbd8d051,ord_161e11b432,cust_0091,merch_020,dev_0091,instr_8dce283a6f,499.49,INR,success,,2026-08-17T00:32:51,2026-08-17T00:32:55,2026-08-17T00:32:57
pay_fc4267218e,ord_0f6890960e,cust_0185,merch_013,dev_0191,instr_e56525784a,759.0,INR,success,,2026-08-14T12:57:21,2026-08-14T12:57:25,2026-08-14T12:57:26
pay_4c0969a3d3,ord_518823857e,cust_0391,merch_013,dev_0391,instr_1a0db7db25,216.53,INR,success,,2026-08-02T15:35:24,2026-08-02T15:35:26,2026-08-02T15:35:31
pay_9dc5781ab7,ord_92967bf1d4,cust_0195,merch_015,dev_0195,instr_abd0d2fb08,496.52,INR,failed,technical_failure,2026-08-28T01:53:09,,
pay_a3f622026d,ord_b35a23e930,cust_0241,merch_007,dev_0241,instr_a278884a5f,365.48,INR,success,,2026-07-05T17:54:21,2026-07-05T17:54:25,2026-07-05T17:54:32
pay_ee08d0fefa,ord_695aac7efe,cust_0381,merch_012,dev_0381,instr_8d10272260,530.94,INR,success,,2026-08-30T14:51:33,2026-08-30T14:51:34,2026-08-30T14:51:36
pay_5f492ab727,ord_6c0e26909e,cust_0198,merch_019,dev_0198,instr_31d24b5012,1168.13,INR,success,,2026-07-29T06:47:42,2026-07-29T06:47:46,2026-07-29T06:47:52
pay_05b83f9b41,ord_7f245e0869,cust_0357,merch_002,dev_0357,instr_119f394ecb,11228.45,INR,success,,2026-07-28T11:03:59,2026-07-28T11:04:02,2026-07-28T11:04:03
pay_fb14682764,ord_b6d927f402,cust_0358,merch_022,dev_0358,instr_f23d99f798,4243.97,INR,success,,2026-08-17T17:19:25,2026-08-17T17:19:30,2026-08-17T17:19:40
pay_759779f91d,ord_2ba52e56eb,cust_0340,merch_006,dev_0340,instr_57f235fd02,1179.36,INR,success,,2026-08-10T19:35:42,2026-08-10T19:35:43,2026-08-10T19:35:52
pay_8bb491afe3,ord_f6d18d9842,cust_0097,merch_014,dev_0097,instr_cdf0540586,697.62,INR,success,,2026-08-02T20:13:21,2026-08-02T20:13:25,2026-08-02T20:13:27
pay_6d26d79a7a,ord_55d95b098f,cust_0056,merch_021,dev_0056,instr_7a9cc36dd0,9874.11,INR,success,,2026-07-18T08:32:47,2026-07-18T08:32:51,2026-07-18T08:32:56
pay_1950f70f07,ord_712590c036,cust_0004,merch_006,dev_0004,instr_61669119e0,1516.58,INR,success,,2026-07-11T06:44:32,2026-07-11T06:44:35,2026-07-11T06:44:42
pay_13cf90a088,ord_64b55bd03f,cust_0088,merch_006,dev_0088,instr_44029a394b,1085.67,INR,success,,2026-07-23T17:25:16,2026-07-23T17:25:17,2026-07-23T17:25:25
pay_6252c789ee,ord_3287a8c6a0,cust_0291,merch_007,dev_0291,instr_2f28cba5a3,182.57,INR,success,,2026-07-22T05:47:25,2026-07-22T05:47:29,2026-07-22T05:47:37
pay_9cdde54ada,ord_b7510e86e3,cust_0321,merch_020,dev_0321,instr_a4ad02fdfa,991.01,INR,failed,technical_failure,2026-07-12T05:58:13,,
pay_a31dc41544,ord_f29234d076,cust_0033,merch_011,dev_0033,instr_4b5cd54b8f,428.69,INR,failed,timeout,2026-08-20T14:35:05,,
pay_f38e5eb5a0,ord_2961eb51e7,cust_0004,merch_022,dev_0004,instr_61669119e0,11870.0,INR,success,,2026-07-13T21:39:28,2026-07-13T21:39:29,2026-07-13T21:39:36
pay_57d9502749,ord_88e11b044f,cust_0309,merch_017,dev_0309,instr_53dcd4cea6,40931.83,INR,success,,2026-08-20T16:17:24,2026-08-20T16:17:29,2026-08-20T16:17:36
pay_dd7bd7eb26,ord_e97137b226,cust_0173,merch_012,dev_0173,instr_0883157c0f,5102.31,INR,success,,2026-08-04T02:31:28,2026-08-04T02:31:32,2026-08-04T02:31:39
pay_7a3cafe4a3,ord_bb51aaa9f7,cust_0313,merch_002,dev_0313,instr_74a3534b29,45176.94,INR,success,,2026-07-14T05:25:48,2026-07-14T05:25:52,2026-07-14T05:25:55
pay_4730b2e979,ord_a1390c0ba4,cust_0014,merch_020,dev_0014,instr_d87f5ef8c7,842.88,INR,success,,2026-07-28T15:08:04,2026-07-28T15:08:08,2026-07-28T15:08:17
pay_660d16d96a,ord_02df9c46fd,cust_0212,merch_022,dev_0212,instr_11b8ec988e,1480.65,INR,success,,2026-08-04T18:44:31,2026-08-04T18:44:32,2026-08-04T18:44:38
pay_22b519758c,ord_cb9ca0200d,cust_0348,merch_015,dev_0348,instr_ce108162ea,778.35,INR,success,,2026-09-01T23:26:37,2026-09-01T23:26:41,2026-09-01T23:26:43
pay_b32c8920c4,ord_9d8fba967a,cust_0376,merch_013,dev_0376,instr_29e5f695d5,373.11,INR,failed,issuer_declined,2026-07-18T09:35:25,,
pay_0e90436440,ord_aab2900f3c,cust_0155,merch_022,dev_0155,instr_6b7d0e205e,49514.35,INR,success,,2026-08-18T19:43:47,2026-08-18T19:43:48,2026-08-18T19:43:56
pay_65c85e0116,ord_b57143fb29,cust_0340,merch_018,dev_0340,instr_57f235fd02,396.3,INR,success,,2026-07-13T04:23:28,2026-07-13T04:23:29,2026-07-13T04:23:32
pay_d1df39eb10,ord_d3c3186a35,cust_0168,merch_013,dev_0168,instr_db5459e137,3813.95,INR,success,,2026-07-29T12:19:04,2026-07-29T12:19:05,2026-07-29T12:19:08
pay_61a0590e7e,ord_ecf7c2297d,cust_0274,merch_021,dev_0274,instr_1b38863452,2449.64,INR,success,,2026-08-05T19:28:58,2026-08-05T19:29:03,2026-08-05T19:29:05
pay_1cee966e90,ord_0c07802dac,cust_0330,merch_011,dev_0330,instr_0a87168a0f,1104.42,INR,success,,2026-08-10T13:18:36,2026-08-10T13:18:38,2026-08-10T13:18:43
pay_b79040e12e,ord_fdc69277e5,cust_0060,merch_010,dev_0060,instr_1619d173cf,224.8,INR,success,,2026-08-30T23:55:37,2026-08-30T23:55:38,2026-08-30T23:55:48
pay_cb51c8bdd2,ord_3a64dfacb7,cust_0189,merch_005,dev_0189,instr_487f77fc0d,11517.72,INR,success,,2026-08-29T12:18:49,2026-08-29T12:18:54,2026-08-29T12:19:03
pay_0ba049ead2,ord_3f80afe0e7,cust_0098,merch_013,dev_0098,instr_b8d8bdf67a,24146.43,INR,success,,2026-08-08T22:34:01,2026-08-08T22:34:06,2026-08-08T22:34:16
pay_cf7b2a78b0,ord_96573b4972,cust_0114,merch_004,dev_0114,instr_c5ff75eaa4,853.61,INR,failed,risk_block,2026-08-18T05:16:56,,
pay_c5e00fa9a1,ord_2a39c14ae3,cust_0113,merch_016,dev_0113,instr_069db43d5f,3047.97,INR,success,,2026-08-01T00:21:11,2026-08-01T00:21:12,2026-08-01T00:21:22
pay_ddec0d4921,ord_be580f266b,cust_0164,merch_010,dev_0394,instr_71eb2c1ffc,1064.04,INR,success,,2026-07-31T01:11:26,2026-07-31T01:11:28,2026-07-31T01:11:36
pay_6fa47d89d7,ord_5bca3df8fc,cust_0150,merch_023,dev_0079,instr_84578e51ec,14234.88,INR,success,,2026-08-05T20:16:59,2026-08-05T20:17:01,2026-08-05T20:17:05
pay_cbbe34b112,ord_2fc3f944db,cust_0359,merch_024,dev_0359,instr_b836413fca,1311.6,INR,success,,2026-07-21T21:08:50,2026-07-21T21:08:53,2026-07-21T21:08:56
pay_7d571e2f4a,ord_3a377350e9,cust_0012,merch_018,dev_0012,instr_233d1ac1c8,691.41,INR,success,,2026-08-19T11:09:08,2026-08-19T11:09:12,2026-08-19T11:09:14
pay_c3c3341ced,ord_a4b8e2dd56,cust_0271,merch_024,dev_0271,instr_f6030ac913,1074.93,INR,failed,timeout,2026-07-23T10:35:51,,
pay_cfa1951ad3,ord_c464f96d63,cust_0298,merch_002,dev_0298,instr_ff72681380,8950.67,INR,success,,2026-08-17T22:07:40,2026-08-17T22:07:44,2026-08-17T22:07:52
pay_bd15051406,ord_169ee8a716,cust_0150,merch_005,dev_0079,instr_84578e51ec,1226.1,INR,success,,2026-07-23T11:54:33,2026-07-23T11:54:38,2026-07-23T11:54:40
pay_52d0d68d38,ord_6fb7544132,cust_0348,merch_005,dev_0348,instr_ce108162ea,1475.78,INR,failed,expired,2026-07-20T19:59:16,,
pay_8974b239be,ord_0cf5141744,cust_0092,merch_002,dev_0092,instr_66fc4e65c8,821.61,INR,success,,2026-08-06T08:43:44,2026-08-06T08:43:48,2026-08-06T08:43:52
pay_de94df9ec7,ord_73e816ad48,cust_0018,merch_004,dev_0018,instr_9ea9fdb3a5,784.08,INR,success,,2026-08-31T09:08:34,2026-08-31T09:08:38,2026-08-31T09:08:40
pay_faf5dcabe5,ord_439825262e,cust_0399,merch_015,dev_0399,instr_046373e8cc,8328.26,INR,success,,2026-07-31T05:17:59,2026-07-31T05:18:00,2026-07-31T05:18:02
pay_7bf763790b,ord_9f689c6a05,cust_0043,merch_004,dev_0043,instr_f11fa50f78,1036.31,INR,failed,insufficient_funds,2026-08-22T23:48:00,,
pay_bd6acff4d9,ord_3189da37e6,cust_0294,merch_016,dev_0294,instr_d53c37a8a1,1143.5,INR,success,,2026-08-31T01:30:29,2026-08-31T01:30:33,2026-08-31T01:30:38
pay_fe9c08fff9,ord_f8f663cf22,cust_0293,merch_005,dev_0293,instr_1f73229ea3,188.9,INR,success,,2026-08-25T16:29:29,2026-08-25T16:29:30,2026-08-25T16:29:37
pay_f43b9beacb,ord_d0769d77b6,cust_0285,merch_018,dev_0285,instr_cb2f28b794,7065.92,INR,success,,2026-07-10T16:58:17,2026-07-10T16:58:19,2026-07-10T16:58:21
pay_efde44f02c,ord_cad8d33cc0,cust_0093,merch_020,dev_0093,instr_0950f5a8c5,1555.9,INR,failed,technical_failure,2026-08-16T22:07:41,,
pay_53fcd19caa,ord_47b53c691d,cust_0106,merch_021,dev_0106,instr_fc19afd1ae,887.49,INR,success,,2026-07-07T21:34:05,2026-07-07T21:34:10,2026-07-07T21:34:15
pay_57b915f3fe,ord_1646cbf574,cust_0187,merch_018,dev_0187,instr_d64d87a32a,1467.94,INR,success,,2026-07-04T12:11:57,2026-07-04T12:12:02,2026-07-04T12:12:07
pay_30c1d1175c,ord_81d5529982,cust_0338,merch_018,dev_0338,instr_a605cf1a2d,907.9,INR,success,,2026-08-03T21:11:37,2026-08-03T21:11:42,2026-08-03T21:11:46
pay_96314efe11,ord_043a8cc787,cust_0353,merch_004,dev_0353,instr_8f96c4e517,1969.72,INR,failed,issuer_declined,2026-07-08T01:35:46,,
pay_e7f98712f5,ord_6667cb1218,cust_0111,merch_005,dev_0111,instr_5d851dd013,3768.42,INR,failed,authentication_failure,2026-08-08T08:40:56,,
pay_185f33ebdd,ord_121d3ec86e,cust_0039,merch_018,dev_0039,instr_c7990671a2,634.5,INR,success,,2026-07-20T08:33:42,2026-07-20T08:33:45,2026-07-20T08:33:52
pay_29b04083c0,ord_608cb8c9d8,cust_0356,merch_005,dev_0356,instr_2f959111b8,198.78,INR,success,,2026-07-30T15:44:48,2026-07-30T15:44:53,2026-07-30T15:45:02
pay_fc4d45b0cf,ord_3279ddc688,cust_0310,merch_006,dev_0310,instr_b184016597,314.89,INR,failed,authentication_failure,2026-08-15T14:25:28,,
pay_033adf5569,ord_7ce31fee48,cust_0040,merch_009,dev_0040,instr_58d8bdd17b,253.99,INR,failed,authentication_failure,2026-08-26T17:47:30,,
pay_5dcf167d43,ord_b3ede93d7c,cust_0186,merch_011,dev_0186,instr_3f6ffdaac2,3036.46,INR,failed,timeout,2026-07-26T10:04:18,,
pay_2489f6760b,ord_7b796cf977,cust_0114,merch_013,dev_0114,instr_c5ff75eaa4,41743.88,INR,success,,2026-07-16T11:47:02,2026-07-16T11:47:05,2026-07-16T11:47:15
pay_2cc1cf909c,ord_63b92f02f9,cust_0251,merch_004,dev_0251,instr_0588a60308,1080.64,INR,success,,2026-07-31T21:05:59,2026-07-31T21:06:00,2026-07-31T21:06:03
pay_69a526d1c3,ord_c8a69e87ef,cust_0163,merch_025,dev_0163,instr_a0aaee9bbe,583.24,INR,success,,2026-08-25T02:54:33,2026-08-25T02:54:35,2026-08-25T02:54:40
pay_ff6e219413,ord_cc069aa9e3,cust_0005,merch_022,dev_0005,instr_e74629cf80,317.69,INR,success,,2026-07-16T18:27:34,2026-07-16T18:27:37,2026-07-16T18:27:38
pay_197b08ecc0,ord_0c03b314a7,cust_0372,merch_021,dev_0372,instr_8f31c8289f,38885.09,INR,success,,2026-07-28T16:28:19,2026-07-28T16:28:21,2026-07-28T16:28:29
pay_0f877ec0b0,ord_d2d51b2d48,cust_0182,merch_015,dev_0182,instr_8119872294,486.15,INR,success,,2026-08-15T00:45:53,2026-08-15T00:45:54,2026-08-15T00:45:59
pay_289979b51f,ord_db58c7d3f1,cust_0209,merch_025,dev_0209,instr_00436b664d,226.2,INR,success,,2026-07-12T05:11:23,2026-07-12T05:11:24,2026-07-12T05:11:27
pay_b044b286d9,ord_1c49a7857e,cust_0295,merch_002,dev_0295,instr_d2073c81d1,500.19,INR,success,,2026-08-21T08:25:29,2026-08-21T08:25:33,2026-08-21T08:25:42
pay_94a57d7d4e,ord_c97610dbcc,cust_0375,merch_005,dev_0375,instr_5107a4101f,821.02,INR,success,,2026-08-25T04:36:13,2026-08-25T04:36:18,2026-08-25T04:36:22
pay_3b5777aa5a,ord_fbe3459ede,cust_0382,merch_001,dev_0382,instr_70d974c63d,8877.21,INR,success,,2026-08-07T00:02:58,2026-08-07T00:03:03,2026-08-07T00:03:13
pay_962461ccf4,ord_ae4d180247,cust_0022,merch_020,dev_0022,instr_74877d71fc,335.95,INR,success,,2026-08-24T07:52:53,2026-08-24T07:52:56,2026-08-24T07:52:59
pay_e1d449d13f,ord_42047540fc,cust_0264,merch_012,dev_0264,instr_3a775d97ea,28063.45,INR,success,,2026-08-10T07:21:17,2026-08-10T07:21:18,2026-08-10T07:21:24
pay_d99f36546f,ord_a48716b0a2,cust_0348,merch_008,dev_0348,instr_ce108162ea,10433.16,INR,success,,2026-07-15T22:38:46,2026-07-15T22:38:49,2026-07-15T22:38:54
pay_701afa7e88,ord_f6bbb4bf9c,cust_0110,merch_001,dev_0110,instr_5e25de8ad1,7472.84,INR,success,,2026-07-25T14:43:33,2026-07-25T14:43:38,2026-07-25T14:43:39
pay_0ec592778c,ord_e6d0acbff4,cust_0238,merch_020,dev_0238,instr_e84df31a90,2103.72,INR,success,,2026-07-05T01:43:38,2026-07-05T01:43:41,2026-07-05T01:43:43
pay_2bb18af6c8,ord_6afcc20075,cust_0003,merch_012,dev_0003,instr_70d933011c,3454.66,INR,failed,insufficient_funds,2026-08-07T22:07:12,,
pay_22f47b35db,ord_f44d169120,cust_0044,merch_017,dev_0044,instr_e229fa238d,315.19,INR,failed,issuer_declined,2026-07-16T12:34:27,,
pay_09db3123ce,ord_f92119c37c,cust_0129,merch_008,dev_0129,instr_232a9d11c8,624.03,INR,success,,2026-08-08T21:20:11,2026-08-08T21:20:16,2026-08-08T21:20:21
pay_9c81cbfde8,ord_6493a8ae22,cust_0056,merch_015,dev_0056,instr_7a9cc36dd0,6113.25,INR,success,,2026-07-18T01:55:51,2026-07-18T01:55:52,2026-07-18T01:55:58
pay_ccb8045242,ord_5b2ba39aac,cust_0364,merch_007,dev_0364,instr_ab8e7f0671,498.86,INR,success,,2026-07-17T11:29:51,2026-07-17T11:29:54,2026-07-17T11:29:55
pay_2523a1fcc3,ord_033cf26721,cust_0083,merch_022,dev_0083,instr_ee47e2e786,771.01,INR,success,,2026-07-30T07:21:28,2026-07-30T07:21:33,2026-07-30T07:21:41
pay_b20cb975f7,ord_6f3dce77cd,cust_0350,merch_023,dev_0350,instr_c8a3bffee4,1151.53,INR,failed,expired,2026-08-12T07:46:43,,
pay_99065bfe1a,ord_01ece8ed93,cust_0011,merch_005,dev_0011,instr_a7ab0fa14c,800.0,INR,success,,2026-07-27T11:05:47,2026-07-27T11:05:50,2026-07-27T11:05:57
pay_ee5421632e,ord_2ea7d70a3f,cust_0306,merch_024,dev_0306,instr_686db9b8fe,772.27,INR,failed,insufficient_funds,2026-07-31T21:37:41,,
pay_51859ed9f7,ord_04532c5d53,cust_0317,merch_005,dev_0317,instr_f4a639ef3e,3462.03,INR,success,,2026-07-31T19:06:03,2026-07-31T19:06:05,2026-07-31T19:06:12
pay_d1e3ae2a1f,ord_b5bd20e440,cust_0102,merch_016,dev_0102,instr_620de02e18,10004.5,INR,success,,2026-08-22T06:31:22,2026-08-22T06:31:27,2026-08-22T06:31:30
pay_91bf91b722,ord_419396feb0,cust_0118,merch_004,dev_0118,instr_95c132b803,153.71,INR,success,,2026-07-23T03:48:20,2026-07-23T03:48:25,2026-07-23T03:48:29
pay_4d50b4ef63,ord_833026e862,cust_0047,merch_002,dev_0047,instr_adb3ca4de6,834.96,INR,success,,2026-07-26T23:15:55,2026-07-26T23:15:59,2026-07-26T23:16:00
pay_7931dd0deb,ord_1934cece84,cust_0262,merch_014,dev_0262,instr_3d280f2f62,4695.04,INR,success,,2026-07-30T15:23:19,2026-07-30T15:23:22,2026-07-30T15:23:29
pay_0e385ad64a,ord_6449ac60ce,cust_0127,merch_011,dev_0127,instr_1704f27af6,3408.39,INR,success,,2026-07-04T13:14:55,2026-07-04T13:14:58,2026-07-04T13:15:02
pay_201b0015fa,ord_13b396ec40,cust_0147,merch_016,dev_0273,instr_f2eaa2a3e7,949.13,INR,success,,2026-08-15T08:05:14,2026-08-15T08:05:18,2026-08-15T08:05:24
pay_1a2e0a5e30,ord_82a0a51f90,cust_0172,merch_010,dev_0172,instr_c13daf044a,1036.53,INR,success,,2026-08-27T01:42:47,2026-08-27T01:42:50,2026-08-27T01:43:00
pay_fc7446ee90,ord_764eb2f136,cust_0271,merch_020,dev_0271,instr_f6030ac913,1010.35,INR,failed,technical_failure,2026-07-24T21:24:47,,
pay_7ff4999059,ord_8d8bda627f,cust_0323,merch_024,dev_0323,instr_4a88d7749d,1930.91,INR,success,,2026-07-22T23:44:32,2026-07-22T23:44:33,2026-07-22T23:44:35
pay_df0c4f7c9f,ord_ebcb58f160,cust_0280,merch_020,dev_0280,instr_5101575ff8,1115.49,INR,failed,technical_failure,2026-07-24T02:41:31,,
pay_5527c853aa,ord_27b1a612ac,cust_0282,merch_023,dev_0282,instr_8160772c10,1327.91,INR,success,,2026-08-27T21:42:03,2026-08-27T21:42:07,2026-08-27T21:42:09
pay_713d3521fe,ord_51a1f402c7,cust_0224,merch_003,dev_0224,instr_c82e46ccb5,833.27,INR,success,,2026-08-22T10:06:03,2026-08-22T10:06:06,2026-08-22T10:06:09
pay_1b63fdd7fc,ord_73fe1eda32,cust_0149,merch_002,dev_0149,instr_95d0247375,14310.15,INR,success,,2026-07-22T23:10:37,2026-07-22T23:10:42,2026-07-22T23:10:51
pay_59ffb8fda7,ord_7b8c072222,cust_0039,merch_006,dev_0039,instr_c7990671a2,812.99,INR,success,,2026-08-28T02:43:00,2026-08-28T02:43:03,2026-08-28T02:43:07
pay_287795b09d,ord_30399cf10e,cust_0095,merch_001,dev_0095,instr_7558e983cb,404.93,INR,success,,2026-07-05T08:38:54,2026-07-05T08:38:59,2026-07-05T08:39:04
pay_c7d4c6c54a,ord_4ce00457c9,cust_0156,merch_008,dev_0156,instr_ddef8a9819,475.92,INR,success,,2026-07-16T01:31:51,2026-07-16T01:31:56,2026-07-16T01:32:00
pay_34552e7828,ord_7a433f83c0,cust_0150,merch_002,dev_0079,instr_84578e51ec,11391.48,INR,success,,2026-07-31T11:13:10,2026-07-31T11:13:11,2026-07-31T11:13:15
pay_c99009f7d0,ord_ed25838dd1,cust_0108,merch_018,dev_0108,instr_623668c236,1008.1,INR,success,,2026-09-01T06:07:26,2026-09-01T06:07:31,2026-09-01T06:07:36
pay_b4e8be9542,ord_8e2998faa7,cust_0370,merch_005,dev_0370,instr_5c9094f73a,956.07,INR,success,,2026-08-05T00:27:16,2026-08-05T00:27:17,2026-08-05T00:27:23
pay_96fda91928,ord_a600f9acb4,cust_0113,merch_024,dev_0113,instr_069db43d5f,18715.94,INR,success,,2026-07-06T00:26:25,2026-07-06T00:26:29,2026-07-06T00:26:34
pay_7a2bf10f0f,ord_7fec077cb5,cust_0321,merch_021,dev_0321,instr_a4ad02fdfa,3664.67,INR,success,,2026-08-16T10:21:55,2026-08-16T10:21:57,2026-08-16T10:22:07
pay_d8d1222b30,ord_2b1d5c7d07,cust_0323,merch_025,dev_0323,instr_f64b53f8d3,724.48,INR,failed,insufficient_funds,2026-08-15T15:04:06,,
pay_ecbb8ba043,ord_a4448aeed9,cust_0254,merch_006,dev_0254,instr_18f7f74c9f,1241.84,INR,success,,2026-07-21T14:22:02,2026-07-21T14:22:04,2026-07-21T14:22:09
pay_037dfb7a73,ord_1a14efc155,cust_0011,merch_010,dev_0011,instr_a7ab0fa14c,348.83,INR,failed,technical_failure,2026-08-11T18:32:46,,
pay_2146301e4a,ord_30598d53af,cust_0126,merch_015,dev_0141,instr_369121eeee,48874.65,INR,success,,2026-07-14T05:33:42,2026-07-14T05:33:43,2026-07-14T05:33:53
pay_b60dad9046,ord_25f9980e7c,cust_0052,merch_013,dev_0052,instr_e7a459fb4b,254.05,INR,failed,issuer_declined,2026-07-05T19:34:42,,
pay_44d4a72ee6,ord_1a8a65b0d7,cust_0138,merch_005,dev_0138,instr_49feb9ee08,34786.21,INR,success,,2026-07-05T09:53:40,2026-07-05T09:53:43,2026-07-05T09:53:45
pay_bcd4bc97f6,ord_91fd53b64f,cust_0104,merch_005,dev_0178,instr_29dc44a7a7,887.99,INR,success,,2026-08-16T15:21:18,2026-08-16T15:21:22,2026-08-16T15:21:25
pay_39365b5a73,ord_03d9deb12d,cust_0125,merch_002,dev_0125,instr_880da59236,474.44,INR,failed,technical_failure,2026-08-26T06:42:35,,
pay_530cf28747,ord_1b73409968,cust_0279,merch_010,dev_0279,instr_b3527f0001,1341.04,INR,failed,timeout,2026-08-13T19:41:00,,
pay_db6df4cba1,ord_bf92afd852,cust_0117,merch_014,dev_0117,instr_c3d063f32b,594.63,INR,success,,2026-08-01T08:24:00,2026-08-01T08:24:04,2026-08-01T08:24:06
pay_841c5a9450,ord_f72fe99f66,cust_0252,merch_006,dev_0252,instr_20e5fe792b,20531.85,INR,failed,timeout,2026-07-31T20:40:29,,
pay_56977066cd,ord_34eca48c2b,cust_0185,merch_003,dev_0191,instr_e56525784a,7847.32,INR,success,,2026-07-21T18:55:40,2026-07-21T18:55:45,2026-07-21T18:55:48
pay_b6aac18c4c,ord_94705f76b6,cust_0348,merch_014,dev_0348,instr_ce108162ea,1034.18,INR,success,,2026-08-02T18:41:40,2026-08-02T18:41:41,2026-08-02T18:41:46
pay_96a309552f,ord_d0397f3f5c,cust_0256,merch_022,dev_0079,instr_a200d5bcde,471.56,INR,success,,2026-07-11T21:57:13,2026-07-11T21:57:15,2026-07-11T21:57:18
pay_44a884c1c3,ord_d04e7240af,cust_0164,merch_005,dev_0394,instr_71eb2c1ffc,1109.88,INR,failed,insufficient_funds,2026-08-19T22:49:38,,
pay_eba3b4fcc7,ord_242c8efce3,cust_0373,merch_009,dev_0373,instr_0af3140d00,552.27,INR,success,,2026-07-16T21:10:47,2026-07-16T21:10:50,2026-07-16T21:10:56
pay_8db282dcff,ord_3a9a757995,cust_0254,merch_014,dev_0254,instr_18f7f74c9f,1461.99,INR,failed,risk_block,2026-08-31T22:09:47,,
pay_cc82eea18b,ord_5b34de8969,cust_0126,merch_013,dev_0141,instr_369121eeee,795.94,INR,success,,2026-08-25T07:46:32,2026-08-25T07:46:34,2026-08-25T07:46:41
pay_0215879d2b,ord_cd6b71ef57,cust_0043,merch_019,dev_0043,instr_f11fa50f78,7032.93,INR,success,,2026-07-25T19:05:06,2026-07-25T19:05:07,2026-07-25T19:05:11
pay_a7dc5c820a,ord_e6a09b3cba,cust_0009,merch_012,dev_0009,instr_2566ea6d76,11554.97,INR,success,,2026-07-15T04:40:58,2026-07-15T04:41:01,2026-07-15T04:41:04
pay_891c7dccfd,ord_543b4dc550,cust_0151,merch_015,dev_0151,instr_502cbc92ab,1294.64,INR,success,,2026-08-14T09:10:49,2026-08-14T09:10:51,2026-08-14T09:10:52
pay_b9c326bff8,ord_5dfaaefa3d,cust_0383,merch_005,dev_0383,instr_2d061b8a54,1074.09,INR,success,,2026-07-18T09:23:33,2026-07-18T09:23:37,2026-07-18T09:23:43
pay_baab2f8e6e,ord_4dfb6e74b9,cust_0028,merch_023,dev_0028,instr_1e667573ac,914.25,INR,failed,timeout,2026-08-19T19:05:11,,
pay_5d210de87c,ord_40b408bae2,cust_0041,merch_008,dev_0041,instr_2b8ebf587e,896.86,INR,success,,2026-08-13T22:30:12,2026-08-13T22:30:16,2026-08-13T22:30:19
pay_7d6499e56d,ord_741db2149b,cust_0384,merch_017,dev_0384,instr_a70ca497a4,4644.83,INR,success,,2026-08-13T10:55:00,2026-08-13T10:55:01,2026-08-13T10:55:06
pay_434fc07a9e,ord_94982e787b,cust_0057,merch_005,dev_0057,instr_0af54c7e77,999.44,INR,success,,2026-09-01T03:49:35,2026-09-01T03:49:36,2026-09-01T03:49:43
pay_a11bb0e700,ord_1412dfa655,cust_0217,merch_022,dev_0217,instr_e9b1890c2c,29263.27,INR,success,,2026-07-29T13:18:36,2026-07-29T13:18:40,2026-07-29T13:18:43
pay_7ea0192339,ord_57715b8d0a,cust_0140,merch_003,dev_0140,instr_7974b4ddc4,1469.1,INR,success,,2026-07-16T15:34:54,2026-07-16T15:34:55,2026-07-16T15:34:59
pay_99ec712013,ord_7a09b6f6bf,cust_0201,merch_006,dev_0292,instr_6c610704fc,11747.87,INR,success,,2026-09-01T05:56:47,2026-09-01T05:56:51,2026-09-01T05:56:59
pay_72fd5d74bb,ord_2bce68792a,cust_0161,merch_021,dev_0161,instr_8822788ad8,10186.16,INR,success,,2026-07-20T12:04:06,2026-07-20T12:04:10,2026-07-20T12:04:14
pay_72117a70ee,ord_b593547e54,cust_0139,merch_004,dev_0139,instr_f74814177d,607.78,INR,success,,2026-08-06T01:42:20,2026-08-06T01:42:22,2026-08-06T01:42:31
pay_1cbfb6e7fc,ord_f0328d6344,cust_0055,merch_003,dev_0055,instr_53f2e1f33c,115.37,INR,success,,2026-08-03T12:18:07,2026-08-03T12:18:08,2026-08-03T12:18:12
pay_e5365f4add,ord_d62ff6167f,cust_0138,merch_003,dev_0138,instr_c5ca586c43,33462.28,INR,failed,timeout,2026-08-28T05:36:28,,
pay_7e6ed3d25c,ord_0c83da67fc,cust_0159,merch_001,dev_0159,instr_0e2a87c8ba,40563.82,INR,success,,2026-08-12T03:43:30,2026-08-12T03:43:34,2026-08-12T03:43:40
pay_3a36e8c339,ord_f32ce9a20a,cust_0067,merch_023,dev_0067,instr_0281c974df,4978.84,INR,success,,2026-08-22T09:25:21,2026-08-22T09:25:23,2026-08-22T09:25:24
pay_ba5256f88b,ord_c5468486ce,cust_0301,merch_013,dev_0301,instr_7b93a731f3,1316.34,INR,success,,2026-07-08T03:10:03,2026-07-08T03:10:07,2026-07-08T03:10:09
pay_9faa7f542a,ord_8b5a1e4fed,cust_0321,merch_003,dev_0321,instr_a4ad02fdfa,20799.66,INR,success,,2026-07-25T10:29:39,2026-07-25T10:29:41,2026-07-25T10:29:50
pay_10115a9480,ord_2860da1d4f,cust_0265,merch_024,dev_0265,instr_832220cbe4,6994.51,INR,success,,2026-08-06T15:33:19,2026-08-06T15:33:22,2026-08-06T15:33:27
pay_badb180ecc,ord_6899f00231,cust_0185,merch_020,dev_0191,instr_adf615071c,6024.47,INR,success,,2026-08-11T03:15:11,2026-08-11T03:15:16,2026-08-11T03:15:26
pay_24abd223c6,ord_dbb392fc07,cust_0039,merch_005,dev_0039,instr_226eca6969,11941.25,INR,failed,issuer_declined,2026-07-13T22:58:21,,
pay_dbe62c91a8,ord_6b8e3ca4cb,cust_0281,merch_003,dev_0281,instr_a5a437c6b4,736.73,INR,success,,2026-07-20T23:28:14,2026-07-20T23:28:17,2026-07-20T23:28:27
pay_b6c8e5742d,ord_cfbeca8df1,cust_0187,merch_012,dev_0187,instr_d64d87a32a,350.86,INR,success,,2026-08-18T05:36:16,2026-08-18T05:36:19,2026-08-18T05:36:27
pay_07d95b0259,ord_46ce324f22,cust_0333,merch_005,dev_0333,instr_b9c92eaaf1,48923.86,INR,success,,2026-08-20T21:43:33,2026-08-20T21:43:36,2026-08-20T21:43:43
pay_9fc6228429,ord_d2207a53be,cust_0210,merch_020,dev_0210,instr_11bf708641,16901.4,INR,success,,2026-08-09T02:32:53,2026-08-09T02:32:57,2026-08-09T02:33:06
pay_0d48f8e534,ord_be47a0b06b,cust_0231,merch_009,dev_0231,instr_b41f4ef099,11908.11,INR,success,,2026-07-08T15:26:28,2026-07-08T15:26:30,2026-07-08T15:26:39
pay_cfb9caea23,ord_dc813a2a57,cust_0005,merch_005,dev_0005,instr_e74629cf80,4551.94,INR,success,,2026-07-19T20:38:46,2026-07-19T20:38:48,2026-07-19T20:38:55
pay_eb278f3b15,ord_d9e53ea02a,cust_0237,merch_022,dev_0237,instr_a4c0a66c5b,752.23,INR,failed,technical_failure,2026-08-25T10:54:36,,
pay_cf71f3e2b3,ord_559c7af5bd,cust_0056,merch_013,dev_0056,instr_7a9cc36dd0,3594.45,INR,success,,2026-08-05T09:58:28,2026-08-05T09:58:33,2026-08-05T09:58:41
pay_e8cf2dfc55,ord_6908b63fae,cust_0109,merch_023,dev_0109,instr_5bdc107943,2700.43,INR,success,,2026-08-17T15:14:42,2026-08-17T15:14:46,2026-08-17T15:14:49
pay_f8672b0cf3,ord_e8a48e627c,cust_0328,merch_007,dev_0328,instr_5e1b751d97,143.85,INR,failed,issuer_declined,2026-08-31T20:36:42,,
pay_79770ce4cc,ord_294e885284,cust_0221,merch_016,dev_0221,instr_d39dce618b,396.09,INR,success,,2026-07-06T17:27:37,2026-07-06T17:27:39,2026-07-06T17:27:41
pay_6167612897,ord_89e48b2f3a,cust_0073,merch_003,dev_0073,instr_92c1225941,214.39,INR,success,,2026-08-17T07:53:13,2026-08-17T07:53:16,2026-08-17T07:53:19
pay_51ccd3495d,ord_0712ae2112,cust_0028,merch_003,dev_0028,instr_1e667573ac,5999.61,INR,success,,2026-08-02T07:50:19,2026-08-02T07:50:23,2026-08-02T07:50:31
pay_e5c8606992,ord_ea5f5de533,cust_0244,merch_018,dev_0141,instr_b3625d7bd3,3187.24,INR,success,,2026-08-15T21:46:49,2026-08-15T21:46:54,2026-08-15T21:47:01
pay_c5ac622449,ord_3749587976,cust_0006,merch_018,dev_0006,instr_bf969e2cf8,7769.85,INR,success,,2026-07-12T01:18:26,2026-07-12T01:18:29,2026-07-12T01:18:30
pay_d19138af4d,ord_86fa36d278,cust_0078,merch_015,dev_0078,instr_d46467b0df,30978.94,INR,success,,2026-08-04T05:17:01,2026-08-04T05:17:05,2026-08-04T05:17:10
pay_259b091e42,ord_d46eee1806,cust_0267,merch_024,dev_0267,instr_bd828603fd,730.78,INR,success,,2026-07-16T16:56:32,2026-07-16T16:56:37,2026-07-16T16:56:39
pay_9ff418ab16,ord_bf10611a6a,cust_0019,merch_007,dev_0019,instr_2998981fe1,3470.4,INR,success,,2026-08-26T12:28:23,2026-08-26T12:28:25,2026-08-26T12:28:31
pay_9a24485fed,ord_9c23f5683e,cust_0108,merch_007,dev_0108,instr_623668c236,33919.78,INR,success,,2026-07-05T21:29:12,2026-07-05T21:29:13,2026-07-05T21:29:18
pay_adc1b5d0be,ord_0807c6f625,cust_0158,merch_017,dev_0158,instr_cdcc0b9e18,2809.83,INR,success,,2026-08-21T23:03:31,2026-08-21T23:03:34,2026-08-21T23:03:40
pay_5f4e3f05e2,ord_48316a07c5,cust_0278,merch_014,dev_0278,instr_64949b0d51,1171.11,INR,success,,2026-07-15T12:11:40,2026-07-15T12:11:43,2026-07-15T12:11:46
pay_b5a8d3e31c,ord_c3d584ea0a,cust_0284,merch_020,dev_0284,instr_7163561827,710.23,INR,success,,2026-08-01T04:09:47,2026-08-01T04:09:52,2026-08-01T04:09:54
pay_a7972f0755,ord_6185c2b51a,cust_0045,merch_004,dev_0045,instr_9d0b0e733d,123.0,INR,success,,2026-08-13T10:21:03,2026-08-13T10:21:08,2026-08-13T10:21:17
pay_99af57b69c,ord_2dfb71fca1,cust_0052,merch_021,dev_0052,instr_e7a459fb4b,913.73,INR,success,,2026-07-07T16:02:46,2026-07-07T16:02:48,2026-07-07T16:02:52
pay_f678f5003b,ord_32185c9555,cust_0398,merch_015,dev_0398,instr_0808398160,2702.26,INR,success,,2026-08-19T02:11:14,2026-08-19T02:11:18,2026-08-19T02:11:25
pay_924c60a04b,ord_268e0e73d1,cust_0331,merch_023,dev_0331,instr_44e794c273,5655.99,INR,success,,2026-08-09T20:58:59,2026-08-09T20:59:02,2026-08-09T20:59:07
pay_8d9448e6c2,ord_54fcffeec2,cust_0158,merch_014,dev_0158,instr_55e74759bf,1543.65,INR,failed,technical_failure,2026-08-13T17:59:13,,
pay_5528130e83,ord_b424c207d8,cust_0192,merch_017,dev_0192,instr_1a775c479f,7799.43,INR,success,,2026-08-06T00:48:58,2026-08-06T00:49:02,2026-08-06T00:49:06
pay_1af0ccde06,ord_e513002f24,cust_0285,merch_013,dev_0285,instr_cb2f28b794,1002.21,INR,failed,authentication_failure,2026-07-09T12:11:32,,
pay_94443ac50f,ord_35fe1818ef,cust_0373,merch_006,dev_0373,instr_0af3140d00,545.37,INR,success,,2026-07-19T21:12:01,2026-07-19T21:12:03,2026-07-19T21:12:12
pay_a2d580556e,ord_bf3a07026b,cust_0061,merch_021,dev_0061,instr_843a79071b,5616.13,INR,success,,2026-07-29T18:22:48,2026-07-29T18:22:50,2026-07-29T18:22:52
pay_56a672c738,ord_62610cd8e1,cust_0048,merch_001,dev_0048,instr_e8661f3938,980.45,INR,failed,authentication_failure,2026-08-31T02:27:42,,
pay_0af69e113f,ord_a3e2069935,cust_0041,merch_019,dev_0041,instr_514e9d1610,1139.28,INR,success,,2026-07-17T04:11:56,2026-07-17T04:11:59,2026-07-17T04:12:02
pay_94e121dadf,ord_37bb21334e,cust_0123,merch_021,dev_0123,instr_8332b7bdeb,4617.69,INR,success,,2026-08-25T11:36:45,2026-08-25T11:36:49,2026-08-25T11:36:54
pay_25ba2c53af,ord_7882e34683,cust_0338,merch_002,dev_0338,instr_44d5d6aabb,1408.97,INR,failed,risk_block,2026-07-06T17:55:19,,
pay_5c9ecfaf1d,ord_aba66ffe74,cust_0063,merch_004,dev_0063,instr_a9b30aa7aa,466.79,INR,failed,issuer_declined,2026-07-22T00:53:34,,
pay_bfb6cd353b,ord_5c0a13f793,cust_0107,merch_013,dev_0107,instr_d2f9064a9c,1213.62,INR,success,,2026-08-13T16:05:45,2026-08-13T16:05:46,2026-08-13T16:05:50
pay_116b5f9938,ord_89aadebe6f,cust_0352,merch_014,dev_0352,instr_9465c67263,539.02,INR,success,,2026-08-17T06:37:23,2026-08-17T06:37:24,2026-08-17T06:37:27
pay_d021dd102a,ord_a89acaf81e,cust_0338,merch_019,dev_0338,instr_a605cf1a2d,10475.49,INR,success,,2026-07-15T21:06:44,2026-07-15T21:06:48,2026-07-15T21:06:58
pay_523742b462,ord_662341283f,cust_0308,merch_018,dev_0312,instr_1adc0d0877,830.45,INR,success,,2026-07-29T05:01:49,2026-07-29T05:01:50,2026-07-29T05:01:59
pay_a397a17fff,ord_c8b2e79f01,cust_0012,merch_017,dev_0012,instr_16183de5c2,313.28,INR,success,,2026-08-08T22:15:24,2026-08-08T22:15:25,2026-08-08T22:15:31
pay_dbbf3fd5de,ord_614c5be5e1,cust_0071,merch_008,dev_0071,instr_6aa4a634e0,1068.24,INR,success,,2026-07-16T18:57:12,2026-07-16T18:57:14,2026-07-16T18:57:16
pay_11801eb216,ord_99f1da0a62,cust_0179,merch_023,dev_0179,instr_556087b6ba,4590.37,INR,success,,2026-08-21T15:18:06,2026-08-21T15:18:10,2026-08-21T15:18:14
pay_3a36b7545d,ord_faca89e4f4,cust_0129,merch_006,dev_0129,instr_232a9d11c8,1284.45,INR,failed,issuer_declined,2026-07-31T18:58:13,,
pay_a65d9f955b,ord_75c562283b,cust_0301,merch_010,dev_0301,instr_7b93a731f3,388.16,INR,success,,2026-08-20T20:43:49,2026-08-20T20:43:53,2026-08-20T20:44:03
pay_7f6d061a9e,ord_1757b6d293,cust_0383,merch_009,dev_0383,instr_2d061b8a54,8040.57,INR,success,,2026-09-01T11:06:05,2026-09-01T11:06:10,2026-09-01T11:06:16
pay_837d8fb1af,ord_65ab76d144,cust_0192,merch_021,dev_0192,instr_1a775c479f,6218.74,INR,success,,2026-07-07T18:39:59,2026-07-07T18:40:02,2026-07-07T18:40:12
pay_0599afac51,ord_3b35de45d7,cust_0331,merch_017,dev_0331,instr_44e794c273,141.92,INR,success,,2026-07-21T23:12:26,2026-07-21T23:12:28,2026-07-21T23:12:34
pay_4b0cb067d0,ord_0a24f67f92,cust_0126,merch_003,dev_0141,instr_369121eeee,620.32,INR,failed,timeout,2026-07-18T13:58:00,,
pay_5ffab85f66,ord_31b035b6ff,cust_0006,merch_023,dev_0006,instr_bf969e2cf8,751.53,INR,success,,2026-08-04T17:17:31,2026-08-04T17:17:35,2026-08-04T17:17:40
pay_25c331cd76,ord_1cc9fffa5a,cust_0309,merch_007,dev_0309,instr_53dcd4cea6,244.09,INR,success,,2026-07-31T11:53:59,2026-07-31T11:54:03,2026-07-31T11:54:10
pay_ba1fa93061,ord_1b18f83675,cust_0163,merch_011,dev_0163,instr_a0aaee9bbe,169.52,INR,failed,timeout,2026-08-21T10:57:00,,
pay_94773c69b2,ord_53e7b288d5,cust_0062,merch_004,dev_0062,instr_e3f386e92a,942.0,INR,success,,2026-08-30T21:31:42,2026-08-30T21:31:43,2026-08-30T21:31:48
pay_f4c422193c,ord_912151f6cd,cust_0010,merch_021,dev_0010,instr_d1cda0d663,7545.47,INR,success,,2026-07-04T22:49:41,2026-07-04T22:49:45,2026-07-04T22:49:46
pay_cb6cbce485,ord_2c8358ab58,cust_0274,merch_017,dev_0274,instr_1b38863452,1002.69,INR,failed,issuer_declined,2026-07-11T05:50:23,,
pay_553e1a922c,ord_a42406c2eb,cust_0371,merch_010,dev_0371,instr_05ebabc8af,1155.17,INR,success,,2026-08-12T08:52:11,2026-08-12T08:52:14,2026-08-12T08:52:22
pay_dd37bd22e3,ord_9b5891f5b7,cust_0314,merch_002,dev_0314,instr_a447a6eab0,1075.04,INR,success,,2026-08-17T15:15:08,2026-08-17T15:15:09,2026-08-17T15:15:15
pay_faca49e20d,ord_b256401ecc,cust_0317,merch_004,dev_0317,instr_f4a639ef3e,166.97,INR,failed,timeout,2026-07-05T12:13:28,,
pay_7aa5875a1b,ord_39d1f1873e,cust_0353,merch_024,dev_0353,instr_8f96c4e517,338.27,INR,success,,2026-07-23T01:26:03,2026-07-23T01:26:08,2026-07-23T01:26:09
pay_23acbf6bf6,ord_9a4d733e92,cust_0353,merch_002,dev_0353,instr_8f96c4e517,1198.92,INR,success,,2026-07-15T06:11:27,2026-07-15T06:11:28,2026-07-15T06:11:33
pay_63265fb857,ord_611ea3e165,cust_0169,merch_023,dev_0169,instr_7e30bed91e,10031.1,INR,success,,2026-07-30T16:56:26,2026-07-30T16:56:31,2026-07-30T16:56:39
pay_b2e53c0067,ord_a7672176bc,cust_0062,merch_005,dev_0062,instr_e3f386e92a,307.2,INR,success,,2026-08-30T05:07:20,2026-08-30T05:07:21,2026-08-30T05:07:30
pay_98afa55e2b,ord_735ed68ca7,cust_0271,merch_008,dev_0271,instr_f6030ac913,8443.32,INR,success,,2026-07-31T17:42:33,2026-07-31T17:42:37,2026-07-31T17:42:41
pay_cb4853b7f0,ord_fd6ac14d4b,cust_0048,merch_009,dev_0048,instr_e8661f3938,8969.5,INR,success,,2026-08-07T18:34:19,2026-08-07T18:34:21,2026-08-07T18:34:23
pay_008f1a51fb,ord_559f50ec64,cust_0039,merch_016,dev_0039,instr_c7990671a2,118.38,INR,success,,2026-07-25T11:37:55,2026-07-25T11:37:57,2026-07-25T11:38:05
pay_7081a0bcd4,ord_b9fb3dc5df,cust_0054,merch_011,dev_0054,instr_5d76c17d12,926.73,INR,success,,2026-08-24T17:30:04,2026-08-24T17:30:07,2026-08-24T17:30:15
pay_b50437a066,ord_413366af79,cust_0336,merch_005,dev_0336,instr_1b4a02ccb5,2609.43,INR,success,,2026-07-17T03:03:46,2026-07-17T03:03:50,2026-07-17T03:03:58
pay_3b9aaf72d3,ord_5cd5a21a1a,cust_0318,merch_017,dev_0394,instr_b6a3dcec06,660.29,INR,success,,2026-07-11T03:56:28,2026-07-11T03:56:31,2026-07-11T03:56:41
pay_20a698dda6,ord_f17d21d2d8,cust_0332,merch_004,dev_0332,instr_83375282d4,1326.67,INR,failed,insufficient_funds,2026-07-15T04:46:57,,
pay_c330a338ed,ord_d4d75610b9,cust_0137,merch_001,dev_0137,instr_6bfb5a08e0,843.24,INR,failed,insufficient_funds,2026-08-07T16:07:07,,
pay_20fce0a30e,ord_f087bc3d90,cust_0182,merch_014,dev_0182,instr_8119872294,655.7,INR,failed,timeout,2026-08-15T07:56:58,,
pay_f22356abe1,ord_834f53d406,cust_0051,merch_002,dev_0051,instr_5f5728a0bb,9186.02,INR,success,,2026-08-14T12:42:08,2026-08-14T12:42:12,2026-08-14T12:42:15
pay_b58b595b9d,ord_40fea347f5,cust_0305,merch_009,dev_0305,instr_308a24eec0,791.06,INR,success,,2026-08-15T14:16:49,2026-08-15T14:16:51,2026-08-15T14:16:53
pay_df8ee3e06a,ord_5df88a20ad,cust_0113,merch_004,dev_0113,instr_069db43d5f,149.96,INR,failed,technical_failure,2026-07-30T08:14:24,,
pay_aeeeaf5419,ord_efbcfe8ad3,cust_0116,merch_020,dev_0116,instr_326d50d282,5747.87,INR,success,,2026-08-11T15:29:21,2026-08-11T15:29:24,2026-08-11T15:29:32
pay_052d366888,ord_befda5719a,cust_0106,merch_006,dev_0106,instr_fc19afd1ae,5150.15,INR,success,,2026-08-01T11:04:16,2026-08-01T11:04:17,2026-08-01T11:04:20
pay_b813509b47,ord_58b611d3f5,cust_0258,merch_023,dev_0258,instr_d6e38f18f9,9260.45,INR,success,,2026-07-27T16:01:25,2026-07-27T16:01:26,2026-07-27T16:01:29
